,type,sector,bedRoom,bathroom,balcony,agePossession,built_up_area,servant room,store room,furnishing_type,luxury_category,floor_category,price
0,0.0,77.0,3,4,3,0.0,2754.0,1,0,1,0.0,0.0,4.94
1,0.0,30.0,3,4,3,0.0,1738.0,1,0,1,2.0,2.0,1.55
2,0.0,107.0,3,3,3,3.0,1640.0,0,0,1,0.0,2.0,1.25
3,0.0,44.0,2,2,3,1.0,654.0,0,0,1,1.0,1.0,0.41
4,0.0,101.0,2,2,3,3.0,1491.0,0,1,1,2.0,2.0,1.2
5,0.0,107.0,3,3,2,3.0,1578.0,0,0,1,1.0,0.0,1.23
6,0.0,91.0,3,3,3,1.0,1833.0,1,0,1,1.0,0.0,2.1
7,0.0,10.0,2,2,3,1.0,1089.0,0,0,1,0.0,1.0,0.8
8,0.0,115.0,2,2,0,3.0,481.0,0,0,1,1.0,1.0,0.25
9,1.0,59.0,6,6,3,0.0,2883.68,1,1,2,0.0,1.0,4.45
10,0.0,73.0,3,3,3,1.0,1630.0,0,0,1,2.0,1.0,2.41
11,0.0,85.0,3,3,3,1.0,1950.0,1,0,1,2.0,2.0,1.64
12,0.0,99.0,2,2,2,3.0,1199.0,0,0,0,1.0,1.0,0.75
13,0.0,85.0,2,2,3,0.0,1426.0,0,0,0,1.0,0.0,1.3
14,0.0,116.0,2,2,3,1.0,1361.0,0,0,1,1.0,0.0,1.5
15,0.0,91.0,3,3,3,3.0,1735.0,0,0,1,1.0,2.0,1.4
16,0.0,15.0,3,3,3,3.0,1661.0,0,0,1,0.0,2.0,1.3
17,0.0,115.0,2,2,2,3.0,616.0,0,0,0,1.0,0.0,0.32
18,1.0,29.0,4,4,2,2.0,4519.2,1,1,1,1.0,1.0,7.2
19,0.0,16.0,3,3,2,3.0,2303.0,1,0,1,0.0,2.0,1.63
20,0.0,108.0,3,4,3,3.0,1786.0,1,0,1,2.0,1.0,1.5
21,0.0,16.0,3,4,3,3.0,2100.0,1,0,0,0.0,0.0,2.1
22,0.0,81.0,2,2,3,1.0,1127.0,0,0,1,1.0,2.0,1.15
23,0.0,20.0,3,4,2,3.0,2200.0,1,0,1,2.0,2.0,2.58
24,0.0,13.0,4,6,3,3.0,1535.0,1,0,1,0.0,0.0,1.5
25,0.0,99.0,3,3,3,3.0,1600.0,1,0,0,0.0,2.0,1.76
26,0.0,96.0,3,4,3,3.0,1558.0,1,0,1,2.0,0.0,2.35
27,0.0,105.0,3,3,3,1.0,1288.0,0,0,1,1.0,1.0,1.25
28,0.0,96.0,2,2,3,3.0,955.0,0,0,1,2.0,1.0,0.82
29,0.0,64.0,4,5,3,3.0,3000.0,1,0,0,0.0,2.0,6.5
30,0.0,110.0,3,4,2,3.0,1350.0,0,0,0,2.0,0.0,1.25
31,0.0,76.0,3,2,2,3.0,630.0,0,0,1,1.0,1.0,0.42
32,0.0,109.0,3,3,2,4.0,140.0,0,0,1,1.0,0.0,0.7
33,0.0,8.0,3,3,3,0.0,1946.0,1,0,1,1.0,2.0,0.85
34,0.0,113.0,2,2,2,1.0,473.0,0,0,1,2.0,1.0,0.32
35,0.0,107.0,2,2,3,2.0,1199.0,0,0,1,2.0,2.0,0.64
36,0.0,43.0,2,2,3,1.0,86.0,0,0,1,2.0,1.0,1.2
37,0.0,115.0,2,2,3,1.0,978.0,0,0,1,2.0,2.0,0.85
38,1.0,27.0,6,5,3,2.0,1441.84,0,0,1,1.0,1.0,3.5
39,0.0,9.0,3,3,3,3.0,2200.0,1,0,1,1.0,0.0,2.61
40,0.0,80.0,3,3,2,1.0,1346.0,0,1,0,2.0,2.0,1.62
41,0.0,97.0,4,6,3,3.0,4425.0,1,0,0,2.0,0.0,3.0
42,0.0,14.0,4,5,3,3.0,2505.0,1,0,1,2.0,2.0,1.7
43,0.0,82.0,4,4,3,0.0,2172.0,1,0,1,1.0,2.0,2.6
44,0.0,107.0,4,4,3,3.0,2726.0,1,0,1,2.0,0.0,1.88
45,0.0,13.0,3,4,3,3.0,1305.0,1,0,1,1.0,2.0,1.15
46,1.0,48.0,5,5,3,3.0,1900.0,0,0,1,1.0,1.0,2.5
47,0.0,82.0,3,3,2,3.0,1428.0,0,0,0,2.0,1.0,1.55
48,0.0,59.0,3,4,3,0.0,2251.0,1,0,0,2.0,0.0,2.65
49,0.0,77.0,3,3,3,3.0,2800.0,1,0,0,0.0,0.0,5.0
50,0.0,96.0,3,4,3,3.0,2280.0,1,0,0,1.0,2.0,2.3
51,0.0,21.0,4,6,3,0.0,3662.34,1,0,0,0.0,0.0,5.6
52,0.0,59.0,3,3,3,2.0,1600.0,0,0,0,1.0,1.0,1.9
53,0.0,102.0,2,2,2,1.0,1360.0,0,0,1,2.0,2.0,0.78
54,0.0,97.0,4,4,3,3.0,1774.0,1,0,1,2.0,1.0,1.3
55,0.0,102.0,3,4,3,3.0,2068.0,1,0,1,2.0,0.0,1.93
56,1.0,34.0,5,4,3,2.0,1345.0,1,0,1,1.0,1.0,4.35
57,0.0,99.0,3,3,1,3.0,2588.0,0,0,1,2.0,2.0,1.3
58,0.0,22.0,2,2,3,1.0,1350.0,0,0,1,0.0,2.0,1.38
59,0.0,16.0,3,3,1,1.0,2519.0,1,0,1,1.0,2.0,1.5
60,0.0,109.0,3,2,2,4.0,1141.0,0,0,1,1.0,2.0,0.61
61,0.0,97.0,3,4,2,3.0,1620.0,1,0,1,2.0,0.0,0.97
62,0.0,115.0,1,1,1,1.0,443.0,0,0,2,1.0,2.0,0.28
63,0.0,115.0,2,2,3,3.0,1319.0,0,0,0,1.0,0.0,1.1
64,0.0,41.0,2,2,1,2.0,896.0,0,0,1,2.0,1.0,0.69
65,1.0,25.0,5,4,2,2.0,2248.84,0,0,0,2.0,1.0,4.15
66,0.0,22.0,2,2,2,3.0,1080.0,0,0,1,2.0,2.0,1.45
67,1.0,117.0,5,5,2,3.0,120.0,0,0,1,1.0,1.0,1.6
68,1.0,34.0,5,5,3,2.0,1796.92,1,1,0,2.0,1.0,6.5
69,0.0,99.0,3,3,3,3.0,1387.0,1,1,0,0.0,1.0,1.4
70,0.0,16.0,4,4,3,3.0,2765.0,1,0,1,0.0,2.0,1.9
71,0.0,115.0,3,2,2,1.0,1080.0,0,0,1,1.0,2.0,0.85
72,0.0,111.0,3,3,3,1.0,1750.0,0,0,1,1.0,0.0,0.92
73,1.0,58.0,4,5,3,0.0,4000.0,1,0,0,1.0,1.0,8.5
74,0.0,76.0,3,3,3,1.0,1202.0,1,0,1,2.0,2.0,3.23
75,0.0,86.0,1,1,2,3.0,450.0,0,0,1,2.0,1.0,0.37
76,0.0,14.0,3,2,2,3.0,717.0,0,0,1,1.0,2.0,0.5
77,0.0,13.0,4,4,3,3.0,2100.0,1,0,0,0.0,0.0,1.35
78,0.0,84.0,3,3,3,3.0,1527.0,1,0,1,1.0,2.0,1.55
79,0.0,109.0,3,3,2,3.0,1068.0,0,0,1,1.0,1.0,0.5
80,0.0,82.0,3,3,1,3.0,1392.0,0,0,1,2.0,0.0,1.37
81,0.0,93.0,2,4,2,3.0,1223.0,0,0,1,2.0,1.0,1.3
82,0.0,91.0,3,3,3,3.0,1310.0,0,0,0,2.0,2.0,1.5
83,0.0,96.0,2,2,2,3.0,1150.0,0,0,0,0.0,0.0,0.95
84,0.0,78.0,4,4,3,3.0,2700.0,1,0,0,0.0,1.0,3.0
85,0.0,96.0,3,4,3,3.0,1900.0,1,0,2,1.0,0.0,2.2
86,0.0,67.0,3,3,3,2.0,1450.0,0,0,0,0.0,2.0,1.35
87,0.0,101.0,2,3,3,3.0,1420.0,0,0,0,0.0,0.0,1.18
88,0.0,61.0,3,3,3,0.0,1900.0,0,0,0,1.0,2.0,2.35
89,0.0,111.0,1,1,1,3.0,407.0,0,0,1,2.0,2.0,0.2
90,0.0,58.0,4,5,3,1.0,3444.0,1,0,1,2.0,2.0,4.3
91,0.0,110.0,3,4,2,3.0,1350.0,0,0,0,2.0,0.0,1.45
92,0.0,14.0,2,2,2,3.0,543.0,0,0,1,1.0,0.0,0.28
93,1.0,33.0,5,4,3,2.0,1076.0,0,0,1,1.0,1.0,3.5
94,1.0,38.0,1,1,0,2.0,3800.0,0,0,1,1.0,1.0,3.5
95,0.0,43.0,3,3,3,1.0,2143.0,1,0,1,2.0,0.0,1.9
96,0.0,22.0,4,4,3,3.0,2991.0,1,0,1,0.0,0.0,3.35
97,0.0,115.0,2,2,2,3.0,800.0,0,0,2,2.0,2.0,0.46
98,0.0,64.0,3,3,3,3.0,2617.0,0,0,1,1.0,1.0,5.6
99,1.0,61.0,4,5,2,0.0,4000.0,1,0,0,2.0,1.0,10.45
100,0.0,82.0,2,2,2,0.0,1100.0,0,0,1,1.0,2.0,0.75
101,0.0,111.0,2,2,3,1.0,990.0,0,0,1,1.0,0.0,0.55
102,0.0,101.0,3,4,3,0.0,1450.0,1,0,0,2.0,2.0,1.77
103,0.0,101.0,4,5,3,1.0,2017.0,1,0,0,1.0,2.0,1.5
104,1.0,31.0,7,5,3,2.0,2367.2,0,0,0,1.0,1.0,4.75
105,0.0,48.0,4,3,3,3.0,1983.0,0,0,0,2.0,0.0,1.8
106,0.0,109.0,3,3,1,3.0,579.0,0,0,1,1.0,1.0,0.5
107,0.0,43.0,3,3,2,4.0,1619.0,0,0,1,1.0,2.0,2.1
108,1.0,53.0,10,10,3,0.0,7500.0,1,0,0,2.0,2.0,9.35
109,0.0,13.0,4,6,3,3.0,1535.0,1,0,1,0.0,2.0,1.4
110,0.0,115.0,2,2,0,3.0,1081.0,0,0,1,2.0,1.0,0.75
111,0.0,99.0,1,1,0,3.0,700.0,0,0,1,1.0,2.0,0.65
112,1.0,54.0,7,7,3,3.0,107.0,0,0,0,1.0,2.0,2.5
113,0.0,115.0,2,2,1,1.0,590.0,0,0,1,2.0,0.0,0.42
114,1.0,35.0,4,4,3,2.0,3766.0,0,0,1,1.0,1.0,4.6
115,0.0,77.0,3,3,3,3.0,1833.0,1,0,0,2.0,1.0,2.35
116,0.0,85.0,2,2,2,0.0,1416.0,0,0,1,2.0,0.0,1.6
117,0.0,14.0,2,2,2,1.0,622.0,0,0,1,1.0,0.0,0.5
118,1.0,42.0,4,3,3,0.0,1452.6,0,1,0,2.0,1.0,3.5
119,0.0,47.0,2,3,3,4.0,1299.0,0,0,1,2.0,0.0,0.7
120,0.0,11.0,3,4,3,3.0,2000.0,1,0,1,0.0,2.0,1.83
121,1.0,61.0,6,6,0,0.0,4861.0,0,0,1,1.0,1.0,13.2
122,1.0,34.0,9,9,2,3.0,5800.0,1,1,0,2.0,1.0,7.3
123,1.0,116.0,5,5,3,3.0,1350.0,0,0,1,1.0,2.0,1.35
124,0.0,93.0,3,3,3,3.0,1200.0,0,0,1,2.0,1.0,1.15
125,0.0,100.0,2,2,2,3.0,1086.0,0,0,1,2.0,0.0,0.6
126,0.0,72.0,2,3,2,3.0,1520.0,0,1,0,0.0,1.0,2.05
127,0.0,66.0,4,3,3,0.0,2000.0,0,0,2,1.0,2.0,1.9
128,0.0,3.0,3,3,2,4.0,1267.0,0,0,1,1.0,1.0,1.3
129,0.0,69.0,3,4,2,3.0,2000.0,1,0,0,0.0,2.0,3.83
130,0.0,115.0,2,2,2,3.0,789.0,0,0,2,1.0,2.0,0.46
131,0.0,48.0,2,2,3,1.0,625.0,0,0,1,1.0,2.0,0.6
132,0.0,115.0,1,1,1,1.0,778.0,0,0,1,2.0,1.0,0.22
133,0.0,82.0,4,5,3,3.0,2172.0,1,0,0,0.0,2.0,1.92
134,0.0,23.0,3,3,1,2.0,905.0,0,0,1,1.0,1.0,0.35
135,0.0,4.0,2,2,2,1.0,833.0,0,0,0,1.0,1.0,1.0
136,0.0,22.0,3,2,2,3.0,1420.0,0,0,1,1.0,1.0,1.65
137,1.0,7.0,4,2,2,2.0,1301.96,0,0,1,1.0,1.0,2.58
138,0.0,77.0,3,3,3,3.0,1493.0,1,0,1,1.0,1.0,2.5
139,0.0,99.0,3,3,2,3.0,1570.0,0,0,0,2.0,2.0,1.4
140,0.0,15.0,3,2,0,3.0,1991.0,0,0,0,2.0,1.0,1.25
141,0.0,87.0,4,4,3,0.0,4500.0,1,0,0,0.0,1.0,5.0
142,0.0,102.0,3,3,2,1.0,1690.0,0,0,1,1.0,2.0,0.9
143,0.0,93.0,2,2,3,1.0,1385.0,0,0,1,1.0,2.0,0.95
144,1.0,78.0,4,4,3,3.0,2399.48,1,1,1,2.0,1.0,8.8
145,0.0,96.0,2,2,2,0.0,1397.0,0,0,1,1.0,2.0,0.75
146,0.0,96.0,3,3,3,3.0,1650.0,0,0,0,2.0,2.0,1.45
147,0.0,103.0,2,2,3,3.0,133.0,0,0,2,2.0,2.0,1.45
148,0.0,48.0,3,3,3,0.0,1602.0,0,0,1,1.0,0.0,1.0
149,0.0,87.0,3,4,3,0.0,2185.0,1,0,1,1.0,2.0,3.4
150,0.0,38.0,3,3,1,2.0,1000.0,0,0,1,1.0,1.0,0.8
151,1.0,51.0,2,2,2,0.0,61.0,0,0,1,1.0,1.0,0.61
152,1.0,33.0,10,9,3,3.0,5018.0,0,0,2,1.0,1.0,1.9
153,1.0,25.0,3,3,2,2.0,4519.2,1,0,0,1.0,1.0,7.5
154,0.0,75.0,1,1,2,1.0,804.0,0,0,1,1.0,2.0,0.88
155,0.0,89.0,2,2,2,1.0,1272.0,0,0,1,1.0,0.0,1.6
156,1.0,38.0,7,2,0,2.0,220.0,0,0,1,1.0,1.0,1.5
157,0.0,90.0,2,2,1,4.0,844.0,0,0,1,2.0,2.0,0.5
158,0.0,31.0,3,4,3,1.0,2000.0,1,0,0,2.0,2.0,3.5
159,0.0,115.0,2,2,3,1.0,1175.97,0,0,1,2.0,1.0,0.95
160,0.0,101.0,2,2,3,3.0,1484.0,0,0,1,2.0,2.0,1.14
161,0.0,13.0,3,3,3,3.0,2224.0,1,0,1,1.0,2.0,3.2
162,0.0,116.0,2,2,2,4.0,1350.0,0,0,1,1.0,1.0,0.69
163,1.0,83.0,5,3,2,2.0,150.0,0,0,1,1.0,1.0,1.15
164,0.0,115.0,2,2,2,3.0,913.0,0,0,1,0.0,1.0,0.53
165,0.0,73.0,3,3,2,1.0,1402.0,0,0,1,2.0,1.0,2.24
166,0.0,115.0,2,2,2,3.0,1105.0,0,0,2,2.0,0.0,0.9
167,0.0,74.0,2,2,2,1.0,1365.0,1,0,1,2.0,0.0,2.1
168,0.0,115.0,2,2,1,3.0,535.0,0,0,1,2.0,1.0,0.25
169,0.0,101.0,3,4,3,3.0,2400.0,1,0,1,0.0,2.0,1.93
170,0.0,115.0,2,2,2,0.0,521.0,0,0,1,1.0,1.0,0.26
171,0.0,115.0,2,2,3,3.0,1095.0,0,0,1,0.0,1.0,0.72
172,0.0,93.0,3,3,3,3.0,1348.0,0,0,0,1.0,0.0,1.2
173,0.0,11.0,4,4,3,3.0,2898.0,1,0,1,1.0,0.0,2.65
174,0.0,79.0,3,4,3,0.0,1764.0,1,0,0,2.0,0.0,2.32
175,0.0,9.0,3,4,3,3.0,1757.0,1,0,1,2.0,0.0,1.82
176,1.0,16.0,4,6,3,1.0,3593.84,1,1,1,0.0,1.0,8.48
177,0.0,87.0,4,5,3,3.0,2701.0,1,0,0,0.0,0.0,4.0
178,0.0,11.0,1,2,2,1.0,335.0,0,0,1,2.0,1.0,0.22
179,0.0,84.0,3,5,3,1.0,2167.0,0,0,1,2.0,1.0,1.8
180,0.0,45.0,1,1,1,3.0,319.0,0,0,0,2.0,1.0,0.37
181,0.0,22.0,3,3,2,4.0,1507.0,0,0,1,1.0,0.0,2.0
182,0.0,10.0,4,6,3,3.0,2602.0,1,0,1,1.0,2.0,2.45
183,0.0,9.0,3,4,3,3.0,1945.0,1,0,1,2.0,0.0,2.15
184,0.0,99.0,4,4,3,3.0,2193.0,1,0,1,1.0,1.0,1.33
185,0.0,107.0,3,3,3,3.0,1929.0,1,0,0,2.0,2.0,1.3
186,0.0,96.0,4,5,3,3.0,3070.0,1,0,0,0.0,2.0,3.3
187,0.0,11.0,3,4,3,3.0,2072.0,1,0,1,2.0,2.0,2.0
188,1.0,102.0,4,5,3,0.0,3194.0,1,0,0,1.0,2.0,2.5
189,0.0,70.0,3,3,1,4.0,2738.0,1,0,1,1.0,0.0,5.5
190,1.0,23.0,9,9,3,2.0,9000.0,0,0,1,1.0,1.0,6.0
191,0.0,105.0,1,1,1,1.0,430.0,0,0,1,2.0,2.0,0.25
192,0.0,99.0,2,2,2,0.0,1127.0,0,0,0,0.0,2.0,0.84
193,0.0,97.0,3,4,3,4.0,1774.0,0,0,1,2.0,2.0,1.25
194,1.0,68.0,6,6,3,2.0,2700.76,1,1,1,2.0,2.0,6.21
195,0.0,54.0,4,4,3,0.0,2722.0,1,0,1,1.0,2.0,2.5
196,0.0,15.0,2,3,3,3.0,978.23,1,0,0,2.0,1.0,0.87
197,1.0,85.0,2,2,3,1.0,1319.0,1,0,1,0.0,1.0,0.9
198,0.0,22.0,2,2,2,3.0,1430.0,0,0,1,2.0,2.0,1.75
199,0.0,109.0,1,1,1,3.0,336.0,0,0,1,2.0,1.0,0.21
200,1.0,37.0,6,7,3,0.0,3238.76,1,1,1,2.0,1.0,9.0
201,0.0,48.0,2,2,3,0.0,1410.0,0,0,1,2.0,0.0,0.75
202,0.0,92.0,2,2,2,0.0,1422.0,0,0,1,2.0,0.0,0.69
203,1.0,51.0,4,4,2,2.0,160.0,0,0,1,1.0,1.0,2.35
204,0.0,109.0,3,4,3,3.0,1805.0,1,0,0,2.0,0.0,1.55
205,0.0,74.0,4,6,3,3.0,3872.0,1,0,1,0.0,0.0,8.35
206,1.0,64.0,5,5,3,0.0,2646.96,0,0,0,1.0,1.0,4.65
207,1.0,78.0,5,5,3,1.0,8113.04,1,1,1,2.0,1.0,15.1
208,1.0,40.0,2,3,1,3.0,111.0,0,1,1,1.0,1.0,0.7
209,0.0,74.0,3,3,3,4.0,1600.0,0,0,1,1.0,2.0,4.25
210,1.0,40.0,1,1,0,0.0,1000.0,0,0,1,1.0,1.0,0.85
211,0.0,61.0,3,3,3,0.0,2400.0,1,0,1,0.0,2.0,2.7
212,0.0,101.0,4,4,3,3.0,2600.0,0,0,1,1.0,1.0,2.13
213,0.0,16.0,4,4,3,3.0,3150.0,1,1,0,0.0,2.0,2.95
214,0.0,77.0,2,2,2,3.0,1433.0,0,0,1,1.0,0.0,2.0
215,1.0,67.0,5,5,3,0.0,1452.6,0,0,1,1.0,1.0,3.6
216,0.0,5.0,3,4,3,0.0,2232.0,1,0,1,2.0,2.0,0.95
217,0.0,87.0,4,5,3,3.0,2629.0,1,0,0,0.0,0.0,3.85
218,0.0,96.0,2,2,3,3.0,700.0,0,0,1,2.0,2.0,0.49
219,0.0,82.0,3,3,3,3.0,1640.0,0,0,1,1.0,0.0,2.06
220,1.0,67.0,5,6,3,3.0,1506.4,0,0,0,1.0,2.0,3.25
221,0.0,101.0,3,4,3,3.0,2300.0,1,0,1,1.0,2.0,2.0
222,0.0,10.0,1,1,1,3.0,400.0,0,0,1,1.0,2.0,0.23
223,0.0,21.0,2,2,3,3.0,1939.03,0,0,0,0.0,2.0,2.5
224,0.0,58.0,4,5,3,3.0,4422.0,1,0,1,1.0,1.0,11.25
225,0.0,16.0,3,3,3,3.0,2303.0,1,0,1,0.0,2.0,1.7
226,1.0,35.0,6,8,3,0.0,4497.68,1,1,0,2.0,1.0,19.0
227,0.0,61.0,4,4,3,0.0,11111.0,1,0,1,1.0,2.0,8.5
228,1.0,68.0,4,4,3,2.0,1624.76,0,1,0,2.0,1.0,3.5
229,0.0,99.0,3,3,3,3.0,1600.0,1,0,0,0.0,2.0,1.72
230,0.0,97.0,2,2,2,3.0,1299.0,0,0,0,2.0,0.0,1.0
231,1.0,34.0,5,5,3,0.0,3615.36,1,0,1,1.0,1.0,10.5
232,0.0,82.0,3,3,2,3.0,1482.0,0,0,1,0.0,1.0,1.66
233,0.0,99.0,4,4,3,0.0,1970.0,1,0,1,2.0,0.0,1.25
234,0.0,100.0,3,3,3,3.0,1833.0,1,0,1,1.0,2.0,1.49
235,0.0,107.0,3,4,3,3.0,1493.0,1,0,1,2.0,2.0,0.92
236,1.0,7.0,4,3,3,2.0,1796.92,0,0,0,1.0,1.0,5.5
237,0.0,100.0,2,2,0,3.0,549.0,0,0,1,1.0,2.0,0.39
238,0.0,98.0,4,4,3,3.0,2273.0,0,0,2,1.0,0.0,2.55
239,0.0,115.0,2,2,2,3.0,913.0,0,0,1,0.0,1.0,0.52
240,0.0,48.0,3,3,1,3.0,1500.0,0,0,1,1.0,1.0,1.1
241,0.0,11.0,2,2,2,3.0,877.0,0,0,1,1.0,0.0,1.2
242,0.0,111.0,2,2,3,1.0,661.0,0,0,1,1.0,1.0,0.4
243,1.0,67.0,4,4,2,0.0,1452.6,1,0,0,1.0,1.0,2.99
244,0.0,9.0,4,5,3,0.0,2311.0,1,0,1,2.0,0.0,2.65
245,0.0,101.0,2,2,3,3.0,1660.0,0,0,1,1.0,0.0,1.17
246,0.0,92.0,3,3,2,0.0,2813.0,1,0,1,2.0,0.0,4.75
247,0.0,102.0,2,2,3,3.0,1339.0,0,0,1,1.0,2.0,1.3
248,0.0,11.0,2,3,3,3.0,1538.0,1,0,1,2.0,0.0,1.58
249,0.0,93.0,3,4,3,3.0,1695.0,1,0,1,0.0,2.0,1.72
250,0.0,58.0,3,3,3,3.0,2395.0,0,0,0,0.0,2.0,3.65
251,0.0,107.0,3,4,3,3.0,1765.0,1,0,1,0.0,2.0,0.9
252,0.0,47.0,3,5,3,3.0,1400.0,1,0,1,1.0,2.0,0.99
253,0.0,10.0,2,2,3,1.0,1232.0,0,0,1,2.0,1.0,0.88
254,0.0,54.0,3,3,3,2.0,1385.0,0,1,0,0.0,2.0,1.5
255,0.0,89.0,2,2,3,3.0,1250.0,0,1,1,0.0,2.0,1.52
256,0.0,84.0,3,5,3,3.0,1527.0,1,0,1,2.0,2.0,1.64
257,0.0,96.0,3,4,3,3.0,1854.0,1,0,2,0.0,0.0,2.3
258,0.0,48.0,3,3,3,3.0,2283.0,0,0,1,1.0,2.0,1.25
259,0.0,11.0,3,4,3,0.0,2217.0,1,0,1,2.0,2.0,2.3
260,1.0,61.0,3,3,3,0.0,2130.48,1,0,1,1.0,1.0,7.1
261,0.0,93.0,3,4,3,3.0,1963.0,1,0,1,2.0,2.0,2.0
262,0.0,82.0,2,3,0,3.0,1100.0,0,0,1,2.0,1.0,1.2
263,0.0,17.0,2,3,2,1.0,1389.0,0,0,1,1.0,2.0,0.8
264,0.0,98.0,1,1,0,3.0,650.0,0,0,1,1.0,2.0,0.62
265,0.0,20.0,4,5,3,3.0,2700.0,1,0,0,1.0,2.0,3.5
266,0.0,31.0,2,2,2,1.0,1249.0,0,0,1,2.0,0.0,1.75
267,0.0,9.0,4,4,3,3.0,3178.0,0,0,0,2.0,2.0,3.0
268,0.0,47.0,4,5,3,3.0,2343.0,1,0,1,1.0,2.0,1.4
269,1.0,35.0,4,4,3,3.0,4497.68,0,1,1,1.0,1.0,16.0
270,0.0,43.0,3,2,2,1.0,1444.0,0,0,1,2.0,1.0,1.35
271,0.0,9.0,2,2,2,3.0,828.0,0,0,1,1.0,2.0,1.35
272,0.0,43.0,3,3,3,1.0,1900.0,1,0,0,1.0,0.0,2.2
273,0.0,43.0,2,2,2,1.0,1275.0,0,0,1,1.0,2.0,1.1
274,0.0,97.0,2,2,2,3.0,1176.0,0,0,0,1.0,1.0,0.85
275,0.0,15.0,2,2,2,3.0,2060.0,0,0,1,1.0,1.0,1.0
276,1.0,37.0,9,9,3,0.0,3238.76,1,1,0,2.0,1.0,11.25
277,1.0,50.0,1,1,2,2.0,892.0,0,0,1,1.0,1.0,1.6
278,0.0,115.0,2,2,1,3.0,681.0,0,0,0,2.0,0.0,0.25
279,1.0,43.0,5,6,3,3.0,4680.599999999999,1,0,1,2.0,2.0,11.5
280,0.0,77.0,2,2,3,1.0,1482.0,0,0,1,1.0,2.0,2.01
281,0.0,48.0,3,3,2,3.0,1450.0,0,0,1,2.0,1.0,1.07
282,0.0,111.0,2,2,2,1.0,1364.0,0,0,1,1.0,2.0,0.57
283,0.0,14.0,3,4,3,3.0,1950.0,1,0,0,2.0,2.0,1.35
284,0.0,67.0,3,3,3,0.0,2131.0,0,0,0,2.0,2.0,1.65
285,1.0,115.0,1,1,0,3.0,33.0,0,0,1,1.0,1.0,0.07
286,0.0,82.0,2,1,1,3.0,584.0,0,0,1,1.0,0.0,0.6
287,0.0,14.0,3,4,3,3.0,1900.0,1,0,1,2.0,2.0,1.45
288,0.0,110.0,2,2,0,3.0,597.0,0,0,1,1.0,2.0,0.85
289,0.0,118.0,4,4,3,2.0,2013.0,1,0,1,2.0,2.0,1.5
290,0.0,48.0,3,3,3,3.0,1389.0,0,0,1,1.0,1.0,1.1
291,1.0,54.0,4,4,2,2.0,1936.8,1,1,1,1.0,1.0,5.75
292,0.0,45.0,1,1,1,3.0,436.0,0,0,1,1.0,2.0,0.4
293,0.0,3.0,3,3,0,4.0,1758.0,0,0,1,1.0,1.0,1.08
294,0.0,102.0,2,2,3,0.0,1339.0,0,0,1,1.0,0.0,1.25
295,0.0,54.0,4,4,3,2.0,2570.0,1,0,1,2.0,2.0,5.25
296,0.0,115.0,2,2,3,3.0,978.0,0,0,1,1.0,2.0,0.73
297,0.0,75.0,3,3,3,3.0,1642.0,1,0,0,1.0,0.0,3.0
298,0.0,84.0,3,5,3,3.0,1527.0,1,0,1,1.0,2.0,1.62
299,0.0,93.0,2,2,3,1.0,1172.0,0,0,1,1.0,2.0,0.8
300,0.0,14.0,3,2,2,3.0,717.0,0,0,1,1.0,2.0,0.5
301,0.0,93.0,3,3,3,1.0,1650.0,1,0,1,2.0,2.0,1.85
302,0.0,107.0,4,3,3,0.0,2461.0,0,0,1,2.0,2.0,1.79
303,0.0,61.0,4,3,3,0.0,10000.0,1,0,1,1.0,2.0,8.0
304,0.0,31.0,3,4,3,3.0,2500.0,1,0,2,2.0,2.0,4.78
305,0.0,15.0,3,3,3,3.0,1663.0,0,0,1,0.0,2.0,0.8
306,0.0,80.0,2,2,2,1.0,1296.0,0,0,1,2.0,1.0,1.3
307,1.0,33.0,4,4,3,3.0,1463.36,1,0,0,2.0,1.0,5.25
308,0.0,102.0,2,2,1,3.0,1231.0,0,0,1,2.0,2.0,0.67
309,0.0,77.0,3,3,3,3.0,1867.0,0,0,1,2.0,0.0,2.8
310,0.0,82.0,4,4,2,3.0,1819.0,0,0,1,2.0,1.0,1.7
311,0.0,115.0,2,2,3,1.0,1222.0,0,0,1,2.0,1.0,0.91
312,1.0,16.0,4,5,3,1.0,3593.84,1,0,0,1.0,1.0,10.0
313,0.0,41.0,3,3,2,2.0,1401.0,0,0,1,1.0,1.0,1.3
314,1.0,26.0,5,5,2,2.0,4519.2,0,0,1,1.0,1.0,10.0
315,0.0,101.0,2,2,2,3.0,1512.0,0,0,1,1.0,0.0,1.06
316,0.0,98.0,2,2,2,3.0,1000.0,0,0,1,1.0,1.0,0.75
317,1.0,51.0,3,3,0,0.0,1130.0,0,0,1,1.0,1.0,0.85
318,0.0,47.0,3,3,3,3.0,1435.0,0,0,1,2.0,2.0,0.9
319,0.0,62.0,5,6,3,0.0,5200.0,1,1,0,0.0,0.0,3.55
320,0.0,102.0,2,2,1,3.0,578.0,0,0,1,1.0,2.0,0.5
321,0.0,102.0,4,4,3,0.0,2038.0,1,0,0,2.0,0.0,1.55
322,0.0,78.0,3,3,2,3.0,2200.0,0,0,1,2.0,2.0,3.5
323,0.0,31.0,4,6,3,1.0,2778.0,1,0,2,1.0,2.0,4.8
324,0.0,47.0,3,4,3,3.0,1899.0,1,0,1,1.0,2.0,1.1
325,0.0,9.0,2,2,3,3.0,1286.0,0,0,1,2.0,1.0,1.4
326,0.0,67.0,4,4,3,3.0,2300.0,0,0,0,2.0,2.0,2.09
327,0.0,109.0,3,3,3,3.0,2278.0,1,0,1,1.0,0.0,1.25
328,0.0,77.0,3,3,3,3.0,1600.0,1,0,0,1.0,1.0,2.25
329,0.0,37.0,3,4,3,2.0,3133.0,1,1,1,1.0,2.0,4.3
330,0.0,33.0,3,4,3,2.0,3201.0,1,1,0,2.0,1.0,4.25
331,1.0,115.0,2,3,2,1.0,117.0,0,0,0,1.0,1.0,1.55
332,0.0,102.0,3,3,3,0.0,1747.0,1,0,1,2.0,0.0,1.3
333,0.0,97.0,2,2,3,3.0,1026.0,0,0,1,2.0,1.0,0.63
334,0.0,82.0,3,2,3,3.0,1473.0,0,0,1,2.0,2.0,0.9
335,0.0,64.0,3,4,3,0.0,2217.0,1,0,0,1.0,2.0,6.0
336,0.0,109.0,4,4,3,0.0,1607.0,0,0,1,1.0,1.0,0.85
337,1.0,71.0,3,2,1,2.0,612.0,0,0,1,1.0,1.0,0.66
338,0.0,91.0,2,2,2,3.0,1180.0,0,0,0,0.0,2.0,0.75
339,0.0,15.0,3,3,3,3.0,1275.53,0,0,1,2.0,2.0,1.2
340,1.0,34.0,5,5,3,3.0,3098.88,1,1,1,1.0,1.0,11.0
341,1.0,78.0,5,6,3,3.0,3152.68,1,1,0,0.0,1.0,12.0
342,0.0,9.0,3,4,3,3.0,1605.0,1,0,1,2.0,0.0,1.9
343,0.0,85.0,4,4,3,3.0,1600.0,0,0,1,1.0,1.0,1.6
344,0.0,83.0,3,2,1,3.0,1100.0,0,0,0,2.0,2.0,0.8
345,0.0,10.0,1,2,2,1.0,402.0,0,0,1,1.0,2.0,0.3
346,1.0,35.0,4,4,3,0.0,4500.0,1,1,0,1.0,1.0,15.0
347,0.0,73.0,2,2,2,1.0,1150.0,0,0,1,2.0,1.0,1.57
348,0.0,26.0,4,3,3,2.0,1444.0,0,0,0,2.0,1.0,1.4
349,1.0,61.0,3,3,1,0.0,2160.0,1,0,1,0.0,1.0,6.95
350,1.0,51.0,4,4,3,2.0,160.0,0,0,0,1.0,1.0,2.3
351,0.0,107.0,3,4,3,2.0,1608.0,1,0,2,1.0,1.0,1.25
352,0.0,107.0,4,4,3,3.0,2005.0,0,0,0,1.0,2.0,2.05
353,0.0,10.0,3,3,3,3.0,1845.0,0,0,1,1.0,1.0,1.57
354,0.0,109.0,3,3,2,3.0,1738.0,0,0,1,2.0,2.0,1.42
355,0.0,111.0,2,2,2,1.0,1256.0,0,0,1,2.0,0.0,0.55
356,0.0,96.0,2,2,2,3.0,1194.0,0,0,1,1.0,1.0,0.89
357,0.0,115.0,2,2,2,4.0,1000.0,0,0,1,1.0,2.0,0.93
358,0.0,22.0,4,4,3,1.0,2553.0,1,0,1,2.0,0.0,3.25
359,1.0,61.0,4,4,3,0.0,2162.76,1,0,0,2.0,1.0,7.35
360,0.0,54.0,4,5,2,3.0,2661.0,1,0,1,1.0,2.0,6.5
361,1.0,66.0,4,4,0,2.0,1495.64,0,0,1,1.0,1.0,2.8
362,0.0,93.0,3,4,3,1.0,1946.0,1,0,1,1.0,0.0,1.85
363,0.0,115.0,3,3,3,3.0,1344.0,0,0,1,0.0,1.0,0.78
364,0.0,5.0,3,4,3,3.0,2717.0,1,0,1,1.0,1.0,0.75
365,0.0,15.0,2,2,2,0.0,1362.0,0,0,1,2.0,0.0,0.7
366,0.0,82.0,2,3,1,3.0,1222.0,0,0,1,0.0,1.0,1.2
367,0.0,14.0,2,2,2,3.0,543.0,0,0,1,1.0,2.0,0.28
368,0.0,9.0,2,2,1,3.0,582.0,0,1,1,0.0,2.0,0.48
369,0.0,101.0,3,5,3,1.0,2179.0,0,0,1,2.0,1.0,2.15
370,0.0,105.0,3,2,0,1.0,1423.0,0,0,1,1.0,1.0,1.71
371,0.0,9.0,3,3,3,3.0,1315.0,0,0,0,0.0,2.0,1.49
372,0.0,76.0,1,1,0,3.0,693.0,0,0,1,1.0,2.0,0.7
373,1.0,56.0,8,8,2,3.0,1839.96,0,0,0,1.0,1.0,4.35
374,0.0,102.0,3,3,3,3.0,1780.0,1,0,1,0.0,0.0,1.54
375,0.0,39.0,3,2,1,3.0,1000.0,0,0,1,1.0,1.0,0.4
376,0.0,96.0,2,2,2,3.0,607.0,0,0,1,1.0,2.0,0.8
377,0.0,107.0,2,2,1,1.0,696.0,0,0,0,1.0,1.0,0.45
378,0.0,102.0,2,2,1,1.0,1300.0,0,0,1,1.0,0.0,0.82
379,0.0,115.0,2,2,1,3.0,587.0,0,0,1,1.0,1.0,0.25
380,1.0,119.0,2,2,1,0.0,450.0,0,0,1,1.0,1.0,0.37
381,0.0,43.0,2,2,2,1.0,1492.0,0,0,1,2.0,1.0,1.2
382,0.0,13.0,2,2,3,3.0,1120.0,0,0,1,1.0,1.0,0.88
383,0.0,82.0,3,3,2,3.0,1428.0,0,0,0,0.0,2.0,1.52
384,0.0,107.0,3,3,3,3.0,1603.0,0,0,0,1.0,2.0,1.26
385,0.0,30.0,2,2,3,2.0,1416.0,0,0,1,2.0,2.0,1.18
386,1.0,54.0,3,3,3,1.0,2700.76,0,0,0,1.0,2.0,13.0
387,0.0,80.0,3,3,2,1.0,1346.0,1,0,0,1.0,2.0,1.7
388,1.0,85.0,4,4,3,3.0,6000.0,1,0,1,0.0,1.0,4.0
389,0.0,96.0,4,4,3,1.0,3700.0,1,0,2,1.0,2.0,4.4
390,0.0,87.0,3,3,3,3.0,1975.0,0,0,1,1.0,2.0,1.9
391,0.0,96.0,3,4,3,3.0,1900.0,1,0,2,2.0,0.0,2.29
392,0.0,51.0,2,2,1,3.0,944.0,0,0,1,1.0,1.0,0.45
393,0.0,89.0,2,2,3,3.0,1200.0,0,0,1,2.0,0.0,1.54
394,0.0,9.0,2,2,3,0.0,1368.0,0,0,1,1.0,0.0,1.6
395,0.0,45.0,1,1,1,3.0,452.0,0,0,1,1.0,2.0,0.45
396,0.0,91.0,2,2,2,3.0,1057.0,0,0,1,2.0,2.0,0.71
397,0.0,22.0,4,4,3,1.0,2353.0,1,0,1,0.0,0.0,3.45
398,0.0,15.0,3,3,2,1.0,1711.0,0,0,1,1.0,0.0,2.6
399,0.0,84.0,3,3,2,3.0,1457.0,0,0,1,1.0,1.0,1.13
400,0.0,48.0,3,3,3,3.0,1639.0,0,0,1,2.0,0.0,1.55
401,0.0,115.0,2,2,2,3.0,995.0,0,0,1,1.0,0.0,0.48
402,0.0,93.0,3,3,3,3.0,1154.0,0,0,1,0.0,0.0,1.25
403,1.0,61.0,5,5,3,0.0,3238.76,1,0,1,1.0,1.0,11.58
404,0.0,93.0,2,2,3,3.0,1611.0,0,0,0,0.0,2.0,0.95
405,0.0,105.0,3,3,3,1.0,1946.0,1,0,1,1.0,0.0,1.85
406,1.0,59.0,3,3,3,0.0,2000.0,1,1,1,1.0,1.0,4.05
407,1.0,54.0,4,4,2,2.0,1936.8,1,0,0,2.0,1.0,5.25
408,0.0,16.0,3,4,3,3.0,1860.0,1,0,1,0.0,0.0,2.2
409,0.0,105.0,3,3,2,1.0,1611.0,0,0,1,2.0,2.0,1.28
410,0.0,96.0,3,4,3,3.0,2481.0,1,0,0,0.0,2.0,2.2
411,0.0,77.0,2,2,3,4.0,1141.0,0,0,1,1.0,0.0,1.95
412,0.0,115.0,2,2,2,1.0,521.0,0,0,1,1.0,0.0,0.35
413,0.0,101.0,4,5,3,3.0,2545.0,1,0,1,0.0,1.0,2.15
414,0.0,93.0,2,2,2,1.0,1688.0,0,0,1,1.0,0.0,0.8
415,0.0,81.0,2,2,3,4.0,1127.0,0,0,1,2.0,2.0,0.92
416,0.0,10.0,4,6,3,3.0,2729.0,1,0,0,0.0,2.0,2.36
417,0.0,62.0,2,2,1,3.0,1007.0,0,0,1,1.0,2.0,0.71
418,0.0,57.0,2,2,2,3.0,1108.0,0,0,0,1.0,1.0,1.05
419,0.0,96.0,3,4,3,3.0,2407.0,1,0,0,0.0,0.0,2.22
420,0.0,16.0,3,4,3,3.0,1797.0,1,0,1,0.0,2.0,1.72
421,0.0,91.0,4,3,3,3.0,1765.0,1,0,1,2.0,2.0,1.65
422,0.0,115.0,3,2,3,1.0,1210.0,0,0,1,2.0,1.0,0.95
423,0.0,96.0,3,2,3,3.0,1352.0,0,0,1,1.0,1.0,1.45
424,1.0,6.0,4,3,1,2.0,200.0,0,0,1,1.0,1.0,1.1
425,0.0,100.0,4,4,3,1.0,1896.0,0,0,1,2.0,1.0,1.05
426,0.0,15.0,3,3,2,3.0,1500.0,1,0,1,2.0,1.0,0.85
427,0.0,91.0,3,3,3,3.0,1602.0,0,0,0,1.0,0.0,0.92
428,0.0,82.0,3,3,2,3.0,1305.0,0,0,1,2.0,1.0,1.43
429,0.0,107.0,3,4,3,3.0,1525.0,1,0,0,2.0,1.0,0.86
430,0.0,99.0,3,3,3,3.0,1549.0,1,0,0,2.0,2.0,1.8
431,0.0,73.0,2,2,2,1.0,1389.0,0,0,1,1.0,1.0,1.85
432,1.0,35.0,5,5,2,3.0,1786.16,1,0,1,1.0,1.0,7.0
433,0.0,109.0,3,2,3,3.0,1240.0,0,0,1,1.0,2.0,0.65
434,0.0,15.0,3,4,3,0.0,1771.32,0,0,0,2.0,1.0,1.65
435,0.0,107.0,3,3,3,0.0,2144.0,1,0,1,2.0,2.0,1.2
436,0.0,72.0,2,2,2,3.0,1350.0,0,0,0,0.0,1.0,2.12
437,0.0,16.0,3,3,3,0.0,1550.0,0,0,1,1.0,0.0,1.7
438,0.0,96.0,3,4,3,3.0,2315.0,1,0,2,0.0,2.0,2.29
439,1.0,23.0,4,4,1,0.0,1700.0,0,0,1,1.0,1.0,0.7
440,0.0,114.0,4,4,3,2.0,2580.0,0,0,1,1.0,2.0,1.3
441,0.0,21.0,4,5,3,3.0,4800.0,0,0,1,2.0,0.0,6.5
442,1.0,52.0,3,3,2,0.0,900.0,0,0,0,1.0,1.0,2.1
443,0.0,75.0,3,3,3,1.0,2700.0,0,0,1,1.0,2.0,3.25
444,1.0,58.0,5,6,3,0.0,8995.36,1,0,1,2.0,1.0,22.0
445,0.0,111.0,2,2,2,3.0,1234.0,0,0,0,2.0,2.0,0.56
446,0.0,102.0,4,6,2,1.0,2521.0,1,0,1,2.0,0.0,1.3
447,0.0,21.0,2,2,3,3.0,1500.0,1,1,0,2.0,2.0,3.1
448,1.0,23.0,6,6,2,2.0,2228.0,0,0,1,1.0,1.0,2.75
449,1.0,96.0,3,2,3,4.0,1095.0,0,0,1,2.0,2.0,0.75
450,0.0,58.0,3,3,0,3.0,1923.0,1,0,1,2.0,0.0,2.0
451,0.0,19.0,2,2,2,3.0,73.0,0,0,1,1.0,1.0,1.6
452,1.0,33.0,8,11,3,2.0,5000.0,1,0,0,1.0,1.0,11.0
453,1.0,51.0,2,2,2,1.0,450.0,1,0,1,1.0,1.0,0.5
454,1.0,52.0,9,9,3,3.0,2367.2,0,0,0,2.0,1.0,5.0
455,1.0,35.0,4,3,2,3.0,8812.44,0,0,0,1.0,1.0,4.0
456,0.0,58.0,4,5,3,0.0,4120.0,0,0,0,2.0,0.0,4.25
457,0.0,73.0,2,2,2,1.0,1278.0,0,0,1,1.0,2.0,1.47
458,0.0,115.0,2,2,1,3.0,922.0,0,0,1,1.0,1.0,0.54
459,0.0,101.0,3,4,2,3.0,1616.0,1,0,0,1.0,2.0,1.25
460,0.0,102.0,3,4,3,3.0,1747.0,1,0,1,2.0,1.0,1.25
461,0.0,14.0,2,2,2,3.0,608.0,0,0,1,1.0,2.0,0.35
462,0.0,101.0,2,2,3,3.0,1406.0,0,1,1,2.0,0.0,1.3
463,0.0,22.0,3,3,3,1.0,1980.0,1,0,1,2.0,2.0,2.48
464,0.0,109.0,4,4,3,3.0,2093.0,0,0,1,1.0,2.0,1.0
465,1.0,85.0,4,5,3,3.0,2603.92,1,1,0,2.0,1.0,5.4
466,0.0,64.0,3,3,3,3.0,2892.0,0,0,1,2.0,0.0,6.02
467,1.0,59.0,6,6,3,0.0,1463.36,0,0,1,1.0,1.0,3.75
468,0.0,107.0,2,2,3,3.0,1050.0,0,0,1,2.0,2.0,0.65
469,1.0,16.0,7,6,3,3.0,3593.84,1,0,1,2.0,1.0,9.5
470,0.0,82.0,4,4,2,3.0,1819.0,0,0,1,2.0,2.0,1.68
471,0.0,105.0,3,3,2,1.0,1581.0,0,0,1,1.0,1.0,1.42
472,0.0,109.0,3,4,3,0.0,1778.0,0,0,1,2.0,1.0,0.75
473,0.0,16.0,3,4,3,3.0,1797.0,1,0,1,0.0,2.0,1.75
474,0.0,100.0,4,4,3,3.0,3165.0,1,0,1,1.0,0.0,2.24
475,0.0,102.0,2,2,2,3.0,668.0,0,0,0,2.0,2.0,0.44
476,0.0,102.0,2,2,1,1.0,557.0,1,0,1,1.0,2.0,0.41
477,0.0,16.0,3,4,3,3.0,1896.0,1,0,1,2.0,2.0,2.15
478,0.0,48.0,2,2,3,3.0,1310.0,0,0,1,0.0,2.0,0.8
479,0.0,111.0,2,2,2,3.0,507.0,0,0,1,2.0,0.0,0.29
480,1.0,18.0,6,6,3,3.0,135.0,0,0,1,1.0,1.0,2.1
481,0.0,96.0,3,4,3,1.0,1893.0,1,0,2,0.0,2.0,2.3
482,0.0,9.0,3,4,3,3.0,2250.0,1,0,1,2.0,0.0,2.05
483,0.0,9.0,3,4,3,3.0,1757.0,1,0,1,0.0,0.0,1.9
484,0.0,107.0,3,3,3,3.0,1747.0,0,0,1,1.0,0.0,1.2
485,0.0,9.0,1,1,2,3.0,750.0,0,0,1,1.0,2.0,0.45
486,0.0,112.0,2,2,3,4.0,1235.0,0,0,1,2.0,0.0,0.92
487,1.0,33.0,4,4,3,4.0,2840.64,1,1,0,0.0,2.0,3.51
488,1.0,97.0,3,3,2,1.0,1700.0,0,0,1,2.0,1.0,1.4
489,0.0,98.0,5,5,3,3.0,2896.0,0,0,2,1.0,0.0,3.5
490,0.0,22.0,2,2,3,1.0,1090.0,0,0,1,0.0,2.0,1.35
491,0.0,77.0,4,4,3,3.0,1650.0,0,0,0,2.0,1.0,2.8
492,0.0,10.0,3,3,3,3.0,1300.0,0,0,1,1.0,2.0,1.32
493,0.0,74.0,2,2,2,1.0,1200.0,0,0,2,0.0,2.0,2.45
494,1.0,33.0,4,4,2,2.0,2840.64,0,0,1,1.0,1.0,6.5
495,0.0,113.0,3,5,3,3.0,1807.0,1,0,0,1.0,0.0,1.45
496,0.0,65.0,3,3,3,2.0,1991.0,1,0,0,2.0,2.0,1.69
497,0.0,92.0,2,2,1,0.0,1239.0,0,0,1,1.0,2.0,0.75
498,1.0,58.0,4,4,3,3.0,3238.76,1,1,0,2.0,1.0,7.8
499,0.0,47.0,3,4,3,3.0,1660.0,1,0,1,1.0,2.0,0.99
500,0.0,97.0,2,2,2,3.0,1175.0,0,0,0,2.0,1.0,0.78
501,0.0,48.0,3,3,3,1.0,1983.0,0,0,0,1.0,0.0,1.98
502,0.0,100.0,4,4,3,3.0,3222.0,1,0,1,1.0,2.0,2.2
503,0.0,105.0,3,2,3,1.0,998.0,0,0,1,1.0,1.0,1.16
504,0.0,109.0,3,3,3,3.0,1473.0,0,0,1,2.0,1.0,0.71
505,0.0,109.0,2,2,2,1.0,1083.0,0,0,0,1.0,1.0,0.78
506,0.0,115.0,2,2,1,3.0,743.0,0,0,1,1.0,0.0,0.28
507,0.0,82.0,4,4,2,3.0,1819.0,0,0,1,2.0,2.0,1.7
508,0.0,93.0,3,3,2,3.0,1215.0,0,0,1,0.0,2.0,1.3
509,0.0,89.0,3,3,3,3.0,1800.0,0,0,1,2.0,0.0,2.45
510,0.0,82.0,3,3,1,3.0,1419.0,0,0,1,2.0,0.0,1.4
511,1.0,24.0,6,6,0,2.0,192.0,0,0,1,1.0,1.0,0.62
512,1.0,54.0,3,3,2,3.0,1936.8,0,0,0,2.0,1.0,2.55
513,0.0,67.0,4,4,3,3.0,2253.0,0,0,0,1.0,2.0,2.0
514,0.0,91.0,3,4,3,1.0,1582.0,1,0,0,1.0,2.0,1.9
515,0.0,78.0,4,5,3,3.0,2100.0,1,0,0,1.0,2.0,3.0
516,0.0,15.0,3,3,3,3.0,1649.0,0,0,1,2.0,1.0,0.95
517,0.0,33.0,4,5,3,2.0,6300.0,0,0,1,1.0,1.0,14.0
518,0.0,109.0,4,3,3,4.0,2040.0,1,0,1,2.0,2.0,1.07
519,0.0,13.0,3,4,3,3.0,1186.0,1,0,1,1.0,0.0,1.17
520,0.0,30.0,2,2,3,0.0,1281.0,0,0,1,2.0,0.0,1.02
521,0.0,14.0,2,2,2,3.0,543.0,0,0,1,1.0,2.0,0.28
522,0.0,107.0,2,2,3,1.0,1350.0,0,0,1,2.0,2.0,0.7
523,0.0,15.0,2,3,3,3.0,1161.0,1,0,1,2.0,2.0,0.9
524,0.0,96.0,2,2,3,3.0,1300.0,0,0,1,2.0,2.0,0.87
525,0.0,77.0,4,4,0,3.0,2194.0,0,1,1,2.0,1.0,2.9
526,0.0,15.0,3,3,2,1.0,2120.0,1,0,1,2.0,0.0,3.75
527,1.0,35.0,5,5,3,2.0,1345.0,0,0,1,1.0,1.0,4.5
528,0.0,67.0,4,4,3,3.0,2000.0,1,0,0,1.0,2.0,2.05
529,1.0,35.0,8,5,3,2.0,1796.92,0,0,0,1.0,1.0,6.0
530,0.0,93.0,3,3,3,3.0,1058.0,0,0,0,2.0,0.0,1.25
531,0.0,97.0,2,2,2,3.0,1176.0,0,0,0,2.0,0.0,0.81
532,0.0,77.0,2,2,2,1.0,1186.0,0,0,1,2.0,0.0,2.1
533,0.0,9.0,2,2,1,3.0,568.0,0,0,2,2.0,0.0,0.45
534,1.0,83.0,5,4,2,2.0,1072.0,0,0,1,1.0,1.0,1.2
535,0.0,103.0,2,2,3,3.0,1463.0,0,0,1,2.0,1.0,1.31
536,0.0,115.0,3,3,3,3.0,1599.0,0,0,1,2.0,1.0,0.9
537,1.0,97.0,5,5,3,3.0,3238.76,1,0,0,2.0,1.0,7.5
538,0.0,86.0,2,2,0,0.0,1200.0,0,0,1,1.0,2.0,0.95
539,0.0,101.0,4,4,3,3.0,2225.0,0,0,1,1.0,1.0,2.03
540,0.0,15.0,3,4,3,3.0,4600.0,0,0,1,1.0,0.0,2.15
541,0.0,69.0,3,4,1,0.0,2164.0,1,0,0,0.0,0.0,3.8
542,0.0,115.0,2,2,2,3.0,520.0,0,0,1,1.0,1.0,0.28
543,0.0,86.0,3,4,3,0.0,1631.0,1,0,1,1.0,1.0,1.1
544,0.0,105.0,3,3,3,4.0,1480.0,0,0,1,2.0,2.0,1.5
545,0.0,87.0,4,5,3,0.0,3374.0,1,1,1,2.0,2.0,3.1
546,0.0,31.0,3,4,3,3.0,2600.0,1,0,2,2.0,2.0,4.3
547,1.0,49.0,3,2,2,0.0,1721.6,0,0,1,1.0,1.0,3.5
548,1.0,54.0,8,7,3,0.0,2850.0,1,0,0,2.0,1.0,5.5
549,0.0,115.0,1,1,1,3.0,438.0,0,0,1,1.0,1.0,0.21
550,0.0,48.0,4,3,3,3.0,2025.0,1,0,1,1.0,0.0,1.77
551,0.0,101.0,3,4,3,3.0,2225.0,0,0,1,1.0,2.0,1.87
552,0.0,44.0,3,2,3,1.0,1122.0,0,0,1,2.0,1.0,1.0
553,0.0,51.0,1,1,1,3.0,500.0,0,0,1,1.0,1.0,0.21
554,0.0,112.0,4,4,0,1.0,3225.0,0,0,1,1.0,2.0,3.2
555,0.0,97.0,2,2,2,3.0,1299.0,0,0,0,2.0,0.0,0.94
556,1.0,34.0,6,5,2,3.0,6000.0,0,0,1,1.0,1.0,16.0
557,0.0,90.0,2,2,3,3.0,1199.0,0,0,0,1.0,0.0,0.75
558,0.0,9.0,3,3,3,3.0,1465.0,0,0,1,1.0,1.0,1.75
559,0.0,11.0,2,2,1,3.0,514.0,0,0,1,2.0,2.0,0.4
560,1.0,51.0,2,1,1,0.0,500.0,0,0,1,1.0,1.0,0.65
561,0.0,67.0,1,1,1,2.0,672.0,0,0,1,2.0,1.0,0.58
562,1.0,109.0,2,2,3,3.0,959.0,0,0,1,1.0,1.0,0.75
563,0.0,23.0,4,3,3,2.0,3150.0,0,0,1,1.0,2.0,2.7
564,1.0,50.0,1,1,1,0.0,450.0,0,0,1,1.0,1.0,0.34
565,0.0,76.0,2,3,3,3.0,997.0,0,0,1,2.0,2.0,2.2
566,0.0,97.0,4,3,0,3.0,1800.0,0,0,1,2.0,1.0,1.45
567,0.0,84.0,3,3,3,3.0,1765.0,1,0,1,1.0,2.0,1.78
568,1.0,35.0,5,6,3,2.0,4497.68,0,0,1,1.0,1.0,16.0
569,1.0,76.0,6,6,3,4.0,3131.16,0,1,1,1.0,1.0,8.5
570,1.0,12.0,2,2,2,0.0,2000.0,0,0,1,1.0,1.0,9.9
571,1.0,18.0,7,3,0,0.0,300.0,0,0,1,1.0,1.0,1.2
572,0.0,77.0,3,3,0,3.0,1828.0,0,0,1,1.0,0.0,2.8
573,0.0,100.0,3,3,3,3.0,1833.0,0,0,1,2.0,2.0,0.89
574,0.0,59.0,3,3,3,0.0,2006.0,1,0,1,2.0,2.0,1.9
575,0.0,80.0,2,2,2,3.0,778.0,0,0,1,1.0,1.0,0.56
576,0.0,91.0,2,2,2,3.0,1163.0,0,0,0,1.0,2.0,0.8
577,0.0,50.0,4,3,3,2.0,2611.0,1,0,2,1.0,2.0,1.5
578,0.0,48.0,2,2,2,3.0,1276.0,0,0,1,2.0,1.0,1.17
579,0.0,43.0,3,2,3,1.0,1484.0,0,0,1,1.0,2.0,1.35
580,1.0,51.0,8,4,3,2.0,200.0,0,0,1,1.0,1.0,1.1
581,0.0,97.0,2,2,2,3.0,1202.0,0,0,0,2.0,0.0,0.89
582,0.0,77.0,4,4,3,3.0,1975.0,1,0,1,2.0,1.0,3.0
583,1.0,33.0,4,2,2,2.0,60.0,0,0,1,1.0,1.0,1.44
584,0.0,82.0,4,4,1,3.0,1783.0,0,0,1,2.0,0.0,1.66
585,0.0,109.0,4,4,3,3.0,1939.0,1,0,1,2.0,0.0,1.25
586,0.0,70.0,4,4,3,3.0,4254.0,1,1,0,0.0,0.0,5.0
587,0.0,45.0,2,2,2,3.0,856.0,0,0,1,1.0,2.0,0.75
588,0.0,107.0,3,3,2,3.0,1578.0,0,0,1,1.0,0.0,1.25
589,0.0,103.0,3,3,3,3.0,1993.0,0,0,1,1.0,0.0,1.45
590,0.0,11.0,3,3,3,3.0,1365.0,0,0,0,2.0,0.0,1.9
591,0.0,15.0,3,2,3,3.0,1343.0,1,0,0,2.0,1.0,1.36
592,0.0,15.0,2,2,2,3.0,1505.0,0,0,1,1.0,0.0,0.7
593,1.0,61.0,3,4,2,0.0,3238.76,1,0,0,2.0,1.0,12.0
594,0.0,81.0,2,2,3,1.0,1311.0,0,0,1,1.0,0.0,1.0
595,0.0,14.0,2,2,1,3.0,598.0,0,0,1,1.0,2.0,0.36
596,0.0,107.0,2,2,3,0.0,1222.0,0,0,0,2.0,2.0,0.65
597,1.0,30.0,4,4,1,3.0,2991.28,0,0,1,1.0,1.0,6.0
598,0.0,107.0,2,2,3,3.0,1122.0,0,0,1,2.0,2.0,0.66
599,0.0,9.0,3,4,3,3.0,2334.0,1,0,0,2.0,2.0,1.95
600,0.0,67.0,3,3,3,2.0,1800.0,0,0,0,2.0,2.0,1.35
601,0.0,22.0,4,4,3,1.0,2886.0,1,0,2,2.0,0.0,2.75
602,0.0,10.0,2,2,2,3.0,1361.0,0,0,1,1.0,2.0,0.8
603,0.0,82.0,3,3,1,3.0,1419.0,0,0,0,2.0,0.0,1.32
604,0.0,47.0,3,3,3,4.0,1500.0,0,0,1,2.0,1.0,0.9
605,0.0,11.0,3,2,2,3.0,1120.0,0,0,1,1.0,2.0,1.4
606,1.0,12.0,2,2,0,0.0,100.0,0,0,1,1.0,1.0,0.5
607,0.0,107.0,3,3,3,3.0,1667.0,1,0,1,2.0,2.0,0.95
608,0.0,109.0,2,2,3,4.0,1217.0,0,0,1,1.0,2.0,0.7
609,0.0,25.0,5,5,2,2.0,2556.0,0,1,2,2.0,1.0,1.7
610,0.0,77.0,3,3,3,3.0,1654.0,0,0,1,1.0,0.0,2.5
611,1.0,58.0,4,4,1,0.0,7000.0,0,0,1,1.0,1.0,18.5
612,1.0,97.0,4,4,3,3.0,3900.0,1,0,2,2.0,1.0,7.0
613,0.0,107.0,3,3,3,3.0,1572.0,0,0,1,2.0,0.0,1.2
614,1.0,116.0,2,2,1,1.0,1150.0,0,0,1,1.0,1.0,0.49
615,1.0,23.0,3,3,3,3.0,900.0,0,0,1,1.0,1.0,0.38
616,0.0,113.0,2,2,1,1.0,577.0,0,0,1,1.0,1.0,0.32
617,0.0,77.0,3,3,3,3.0,3043.0,1,0,1,2.0,0.0,5.9
618,0.0,82.0,4,4,2,3.0,1819.0,0,0,1,1.0,1.0,1.9
619,0.0,96.0,3,4,3,3.0,1900.0,1,0,2,2.0,2.0,2.2
620,1.0,35.0,4,4,3,0.0,1796.92,1,0,1,2.0,1.0,5.5
621,0.0,8.0,4,4,3,0.0,1956.0,0,0,2,1.0,2.0,2.01
622,0.0,81.0,2,2,3,1.0,1127.0,0,0,1,2.0,0.0,1.1
623,0.0,9.0,3,4,3,3.0,1945.0,1,0,0,2.0,0.0,2.15
624,1.0,58.0,4,4,3,0.0,4000.0,1,0,1,1.0,1.0,7.65
625,0.0,47.0,3,3,3,3.0,1834.0,1,0,1,1.0,1.0,1.43
626,0.0,8.0,3,3,3,3.0,2081.0,1,0,1,1.0,2.0,0.85
627,0.0,111.0,2,2,2,1.0,571.0,0,0,1,1.0,1.0,0.4
628,0.0,112.0,4,4,3,1.0,2835.0,0,0,1,2.0,1.0,1.9
629,0.0,97.0,3,3,3,0.0,1234.0,0,0,0,2.0,2.0,0.86
630,0.0,93.0,2,2,1,1.0,546.0,0,0,1,2.0,2.0,0.36
631,1.0,61.0,3,2,0,0.0,2162.76,0,0,1,1.0,1.0,7.0
632,0.0,109.0,3,3,3,3.0,1523.0,0,0,1,1.0,0.0,0.82
633,1.0,35.0,6,8,2,3.0,4519.2,1,1,0,2.0,1.0,18.9
634,0.0,19.0,4,4,3,1.0,3350.0,0,0,1,2.0,0.0,4.0
635,0.0,47.0,2,2,3,3.0,1310.0,0,0,1,2.0,0.0,0.66
636,1.0,58.0,4,4,2,0.0,2593.16,1,0,1,1.0,1.0,5.75
637,1.0,54.0,5,6,3,0.0,2700.76,1,1,0,2.0,1.0,8.25
638,0.0,99.0,3,3,3,3.0,1549.0,1,0,1,2.0,2.0,1.48
639,0.0,115.0,2,2,3,3.0,1367.0,0,0,1,2.0,0.0,0.74
640,0.0,67.0,1,1,1,0.0,839.0,0,0,1,2.0,1.0,0.65
641,0.0,100.0,2,2,1,3.0,537.0,0,1,0,2.0,1.0,0.34
642,0.0,99.0,2,2,2,0.0,1127.0,0,0,1,1.0,1.0,0.87
643,1.0,16.0,4,4,3,1.0,5400.0,1,0,0,0.0,1.0,6.5
644,0.0,105.0,3,3,2,1.0,1423.0,0,0,1,1.0,1.0,1.2
645,0.0,4.0,3,3,2,3.0,1294.0,0,0,0,0.0,1.0,1.38
646,0.0,48.0,3,3,2,3.0,1185.0,0,0,2,1.0,0.0,0.9
647,0.0,72.0,3,3,3,3.0,2300.0,1,0,0,0.0,2.0,3.05
648,0.0,93.0,2,2,3,1.0,1350.0,0,0,0,2.0,2.0,1.35
649,0.0,59.0,3,3,3,0.0,2178.0,0,0,1,2.0,1.0,1.69
650,1.0,61.0,4,4,3,0.0,3238.76,1,0,0,2.0,1.0,11.0
651,0.0,72.0,4,5,3,3.0,2534.0,1,0,1,0.0,0.0,3.75
652,0.0,113.0,2,2,2,1.0,583.0,0,0,1,2.0,2.0,0.31
653,0.0,109.0,3,3,3,3.0,1792.0,1,0,0,2.0,0.0,1.55
654,0.0,82.0,3,3,1,3.0,1392.0,0,0,1,0.0,0.0,1.38
655,1.0,54.0,7,8,3,2.0,9000.0,1,1,0,1.0,1.0,11.5
656,0.0,111.0,2,2,1,3.0,610.0,0,0,0,2.0,2.0,0.32
657,0.0,91.0,3,4,3,3.0,1829.0,1,0,1,1.0,2.0,1.1
658,0.0,88.0,2,2,2,1.0,1444.0,0,0,1,1.0,0.0,1.0
659,0.0,93.0,3,3,3,1.0,1656.0,0,0,0,2.0,1.0,1.4
660,0.0,65.0,4,6,3,0.0,2455.0,1,0,0,2.0,0.0,6.75
661,0.0,20.0,3,4,2,3.0,2086.0,1,0,0,0.0,2.0,2.65
662,0.0,21.0,4,5,3,3.0,3655.35,1,0,0,0.0,2.0,5.49
663,0.0,50.0,3,3,3,2.0,2400.0,0,0,1,1.0,1.0,2.0
664,0.0,97.0,2,2,3,3.0,1383.0,0,0,1,1.0,2.0,0.8
665,1.0,71.0,4,2,2,0.0,1600.0,0,0,1,1.0,1.0,0.4
666,0.0,14.0,2,2,3,3.0,1201.0,0,0,1,0.0,0.0,0.75
667,0.0,102.0,2,2,1,1.0,1231.0,0,0,1,2.0,2.0,0.78
668,0.0,115.0,2,1,0,3.0,476.0,0,0,1,1.0,1.0,0.32
669,1.0,102.0,4,4,3,0.0,3400.0,1,1,0,2.0,1.0,2.5
670,1.0,34.0,3,9,2,1.0,11111.0,0,0,1,1.0,1.0,8.0
671,0.0,102.0,2,2,0,3.0,1360.0,0,0,1,1.0,1.0,0.8
672,0.0,76.0,3,3,2,3.0,1540.0,0,0,1,1.0,1.0,2.0
673,1.0,83.0,5,3,3,2.0,150.0,1,0,1,1.0,1.0,2.3
674,0.0,74.0,4,4,3,0.0,3925.0,0,0,1,2.0,1.0,6.5
675,0.0,109.0,4,3,3,4.0,2093.0,1,0,1,2.0,2.0,1.22
676,0.0,111.0,3,2,1,3.0,716.0,0,0,0,2.0,2.0,0.37
677,1.0,51.0,2,1,1,0.0,624.0,0,1,1,1.0,1.0,0.47
678,1.0,83.0,7,7,0,2.0,2610.0,0,0,1,1.0,1.0,3.0
679,0.0,43.0,3,3,3,1.0,1619.0,0,0,1,1.0,2.0,2.0
680,0.0,113.0,3,5,3,1.0,1807.0,1,0,1,1.0,2.0,1.56
681,1.0,65.0,4,4,3,0.0,8995.36,1,1,1,1.0,1.0,25.0
682,0.0,73.0,2,2,2,1.0,1278.0,0,0,1,2.0,2.0,1.47
683,0.0,20.0,2,2,2,3.0,773.0,0,0,1,2.0,2.0,0.7
684,0.0,113.0,4,5,3,3.0,2150.0,1,0,1,1.0,1.0,1.38
685,1.0,58.0,3,4,2,0.0,2593.16,1,1,0,2.0,1.0,7.25
686,0.0,99.0,3,2,2,0.0,1500.0,0,0,1,2.0,1.0,1.04
687,0.0,92.0,2,2,0,4.0,1625.0,0,0,1,1.0,1.0,0.6
688,1.0,35.0,5,5,2,2.0,2291.88,0,0,1,1.0,2.0,8.1
689,0.0,81.0,3,2,3,3.0,1403.0,0,0,1,1.0,2.0,2.22
690,0.0,14.0,3,4,3,3.0,2137.0,1,0,1,2.0,2.0,1.4
691,0.0,59.0,3,3,3,2.0,1556.0,1,0,1,1.0,2.0,1.79
692,0.0,110.0,4,4,3,3.0,2105.0,0,0,1,1.0,0.0,1.25
693,0.0,75.0,4,4,3,1.0,3950.0,0,0,1,2.0,0.0,7.9
694,0.0,85.0,3,3,3,1.0,1750.0,1,0,1,2.0,1.0,1.6
695,1.0,97.0,3,4,3,1.0,2160.0,1,1,1,2.0,1.0,3.2
696,0.0,18.0,2,2,0,3.0,761.0,0,0,1,1.0,0.0,0.33
697,0.0,15.0,3,3,3,3.0,1750.0,1,0,0,0.0,2.0,1.55
698,0.0,48.0,4,3,3,3.0,2025.0,1,0,1,1.0,0.0,1.8
699,0.0,73.0,4,4,3,0.0,2580.0,1,0,0,2.0,1.0,3.6
700,0.0,61.0,3,4,3,0.0,2450.0,1,0,0,0.0,2.0,3.1
701,0.0,19.0,5,5,3,3.0,3511.0,1,0,1,0.0,2.0,4.49
702,1.0,32.0,7,7,3,0.0,5000.0,1,0,1,2.0,1.0,5.65
703,1.0,35.0,6,6,2,2.0,4519.2,1,0,0,1.0,1.0,18.0
704,0.0,9.0,4,5,3,3.0,2600.0,1,0,0,0.0,2.0,2.5
705,1.0,35.0,4,4,3,2.0,1345.0,0,0,1,1.0,1.0,4.45
706,0.0,115.0,2,2,3,3.0,913.0,0,0,1,2.0,1.0,0.55
707,0.0,54.0,3,3,3,0.0,2450.0,1,0,0,2.0,1.0,3.8
708,1.0,59.0,3,3,2,0.0,1900.0,0,1,1,2.0,1.0,2.5
709,0.0,19.0,4,5,3,3.0,3032.0,1,0,1,2.0,2.0,3.3
710,0.0,30.0,3,2,3,0.0,1440.0,0,0,1,1.0,2.0,0.8
711,1.0,38.0,3,3,0,2.0,210.0,0,0,1,1.0,1.0,1.5
712,1.0,23.0,4,4,2,3.0,846.0,0,0,0,1.0,1.0,1.2
713,0.0,67.0,1,1,2,2.0,543.0,0,0,1,2.0,1.0,0.45
714,0.0,79.0,3,4,3,3.0,2123.0,1,0,0,2.0,0.0,3.4
715,0.0,37.0,2,2,2,1.0,1278.0,0,0,2,2.0,0.0,1.91
716,0.0,96.0,4,4,3,0.0,2491.0,1,0,1,1.0,0.0,3.25
717,1.0,16.0,5,5,3,3.0,6230.04,1,1,1,0.0,1.0,6.0
718,0.0,15.0,2,2,1,0.0,1468.0,0,0,1,1.0,2.0,0.7
719,0.0,77.0,3,3,3,3.0,1650.0,1,1,0,2.0,2.0,2.7
720,0.0,103.0,3,3,3,1.0,1582.0,0,0,1,2.0,2.0,2.65
721,0.0,37.0,2,2,2,0.0,1109.0,0,0,1,1.0,1.0,1.35
722,0.0,84.0,3,3,3,4.0,1688.0,0,0,1,2.0,0.0,1.25
723,1.0,78.0,4,5,2,1.0,2248.84,1,0,1,2.0,1.0,8.7
724,0.0,73.0,2,2,2,4.0,1278.0,0,0,1,1.0,2.0,1.6
725,0.0,85.0,3,4,3,3.0,1706.0,0,0,2,1.0,0.0,1.75
726,0.0,65.0,3,4,3,3.0,1875.0,1,0,0,1.0,0.0,4.85
727,1.0,43.0,4,4,3,2.0,7000.0,1,1,1,2.0,1.0,8.0
728,0.0,20.0,3,3,3,3.0,1615.0,0,0,1,1.0,2.0,2.35
729,0.0,43.0,3,3,3,1.0,2218.0,1,0,1,1.0,1.0,1.65
730,0.0,100.0,2,2,1,3.0,1149.0,0,0,1,1.0,2.0,1.2
731,1.0,106.0,9,9,3,0.0,2625.44,0,0,0,2.0,1.0,3.4
732,1.0,38.0,3,1,0,2.0,1008.0,0,0,1,1.0,1.0,0.9
733,1.0,15.0,5,4,3,3.0,7331.0,0,0,1,2.0,1.0,10.5
734,1.0,83.0,3,2,3,2.0,4314.76,0,0,1,1.0,1.0,6.5
735,0.0,101.0,4,4,3,3.0,2600.0,1,0,1,1.0,2.0,2.17
736,0.0,111.0,2,2,2,1.0,632.0,0,0,0,1.0,1.0,0.45
737,0.0,93.0,3,3,3,3.0,1321.0,0,0,0,2.0,2.0,1.2
738,0.0,31.0,3,5,3,1.0,2796.0,1,0,2,2.0,1.0,3.99
739,0.0,72.0,3,3,3,3.0,2400.0,1,0,0,0.0,1.0,2.82
740,0.0,102.0,3,3,3,3.0,1700.0,0,0,0,0.0,0.0,1.59
741,0.0,82.0,3,3,1,3.0,1709.0,0,0,1,0.0,0.0,1.38
742,0.0,100.0,1,1,1,3.0,387.0,0,0,2,1.0,0.0,0.27
743,0.0,43.0,2,2,3,1.0,1252.0,0,0,1,1.0,2.0,1.27
744,0.0,93.0,3,3,3,3.0,2244.0,0,0,1,1.0,2.0,2.5
745,0.0,37.0,3,4,3,0.0,1956.0,1,0,2,1.0,1.0,2.2
746,1.0,68.0,4,4,2,0.0,1732.36,1,0,0,1.0,1.0,3.49
747,0.0,79.0,3,3,3,3.0,2724.0,1,0,1,2.0,0.0,3.49
748,1.0,61.0,4,4,3,3.0,2603.92,1,1,0,2.0,1.0,10.8
749,1.0,34.0,3,2,3,2.0,1345.0,0,0,1,1.0,1.0,4.25
750,1.0,83.0,2,2,2,2.0,160.0,0,0,1,1.0,1.0,2.0
751,0.0,88.0,3,3,3,4.0,1622.0,1,0,1,2.0,1.0,0.9
752,0.0,16.0,4,4,2,3.0,2380.0,1,0,1,1.0,0.0,1.97
753,0.0,77.0,3,3,3,3.0,1600.0,1,0,0,1.0,1.0,2.4
754,0.0,115.0,2,2,2,1.0,916.0,0,0,1,2.0,1.0,0.68
755,0.0,3.0,3,4,3,4.0,3094.0,0,0,1,1.0,2.0,1.65
756,0.0,59.0,1,1,1,3.0,500.0,0,0,1,1.0,1.0,0.87
757,0.0,11.0,3,2,2,1.0,1094.0,0,0,1,1.0,0.0,1.35
758,0.0,73.0,3,3,2,1.0,1721.0,0,0,1,1.0,1.0,2.25
759,1.0,43.0,5,7,3,3.0,4519.2,1,0,1,2.0,1.0,11.75
760,0.0,100.0,3,3,2,3.0,1475.0,0,0,1,1.0,0.0,1.01
761,0.0,78.0,3,3,3,0.0,2125.0,1,1,0,2.0,2.0,3.5
762,0.0,102.0,2,2,1,1.0,557.0,0,0,1,2.0,2.0,0.43
763,0.0,61.0,2,2,2,0.0,1098.0,0,0,1,2.0,1.0,1.05
764,0.0,84.0,2,2,2,3.0,1444.0,0,0,1,2.0,2.0,1.1
765,0.0,86.0,1,1,2,3.0,425.0,0,0,0,1.0,1.0,0.37
766,0.0,72.0,2,3,2,3.0,1250.0,1,0,0,1.0,2.0,2.15
767,1.0,54.0,5,6,3,0.0,5487.599999999999,1,1,1,2.0,1.0,15.5
768,0.0,21.0,3,4,3,3.0,2225.56,1,0,0,0.0,0.0,3.65
769,0.0,14.0,3,4,0,1.0,2137.0,0,0,1,2.0,1.0,1.4
770,0.0,77.0,4,4,3,3.0,2194.0,1,0,1,1.0,1.0,2.85
771,0.0,59.0,3,3,3,2.0,2061.0,0,0,0,2.0,2.0,2.51
772,0.0,15.0,4,5,3,1.0,2343.0,1,0,2,2.0,0.0,4.1
773,0.0,22.0,5,6,3,0.0,7294.0,0,0,1,2.0,0.0,6.0
774,1.0,33.0,4,4,3,2.0,1065.24,0,0,1,1.0,1.0,3.25
775,0.0,43.0,3,2,3,1.0,1333.0,0,0,1,2.0,0.0,1.39
776,0.0,103.0,2,2,3,3.0,1380.0,0,0,1,0.0,0.0,1.15
777,0.0,93.0,3,3,2,3.0,1795.0,0,0,1,2.0,2.0,1.69
778,0.0,16.0,3,3,3,3.0,1584.0,0,0,1,2.0,2.0,1.4
779,0.0,13.0,2,2,3,1.0,940.0,0,0,0,1.0,1.0,1.0
780,0.0,96.0,3,4,3,3.0,1760.0,1,0,2,0.0,0.0,2.34
781,0.0,102.0,3,4,3,3.0,1800.0,1,0,1,2.0,0.0,1.27
782,1.0,72.0,9,12,3,3.0,6390.0,1,0,0,2.0,1.0,18.02
783,1.0,54.0,5,6,3,1.0,4045.76,1,0,0,0.0,1.0,11.0
784,1.0,68.0,6,6,2,0.0,3450.0,1,1,2,0.0,1.0,3.65
785,0.0,9.0,3,3,3,3.0,2250.0,1,0,0,2.0,1.0,1.85
786,0.0,34.0,4,4,3,2.0,2333.0,1,0,0,1.0,0.0,3.7
787,0.0,11.0,3,3,3,1.0,2544.0,1,0,1,2.0,1.0,1.95
788,1.0,35.0,5,5,3,2.0,1796.92,1,1,1,2.0,1.0,5.8
789,0.0,49.0,4,4,3,2.0,1954.0,0,0,2,1.0,2.0,2.1
790,1.0,43.0,3,2,0,3.0,900.0,0,0,1,1.0,1.0,0.85
791,0.0,81.0,2,2,3,3.0,1130.0,0,0,0,2.0,2.0,1.13
792,1.0,85.0,4,4,3,1.0,2690.0,1,0,0,0.0,1.0,6.5
793,0.0,43.0,2,2,3,1.0,85.0,0,0,1,2.0,2.0,1.08
794,0.0,111.0,2,2,0,1.0,758.0,0,0,1,1.0,1.0,0.27
795,0.0,84.0,4,4,3,0.0,2667.0,1,0,1,2.0,2.0,2.35
796,0.0,58.0,3,3,3,0.0,1576.0,1,0,0,0.0,2.0,1.76
797,0.0,101.0,4,5,3,3.0,2545.0,1,1,1,2.0,1.0,2.0
798,0.0,41.0,2,2,1,2.0,734.0,0,0,0,1.0,1.0,0.85
799,1.0,53.0,4,4,2,1.0,3238.76,1,0,1,1.0,1.0,11.0
800,0.0,23.0,2,2,1,3.0,1100.0,0,0,0,1.0,1.0,0.72
801,0.0,105.0,3,3,2,1.0,1179.0,0,0,1,1.0,1.0,1.3
802,0.0,81.0,2,2,3,4.0,1068.0,0,0,1,2.0,0.0,0.82
803,1.0,68.0,4,5,2,2.0,2700.76,1,0,0,1.0,1.0,6.0
804,0.0,15.0,2,2,2,3.0,1250.0,0,0,1,2.0,2.0,1.9
805,0.0,114.0,3,3,2,0.0,1722.0,0,0,0,2.0,2.0,0.94
806,1.0,37.0,4,4,0,3.0,3195.72,0,0,1,1.0,2.0,4.5
807,0.0,82.0,4,4,2,3.0,1819.0,0,0,1,2.0,2.0,1.76
808,0.0,13.0,2,2,3,3.0,940.0,0,0,1,1.0,1.0,0.95
809,0.0,115.0,2,2,2,1.0,640.0,0,0,1,1.0,1.0,0.27
810,0.0,115.0,2,2,2,0.0,1350.0,0,0,1,2.0,2.0,0.75
811,1.0,55.0,6,7,3,3.0,4497.68,1,1,0,2.0,1.0,16.0
812,0.0,5.0,3,3,3,0.0,1900.0,1,0,1,1.0,2.0,0.91
813,0.0,70.0,4,4,2,1.0,2567.0,1,0,1,1.0,2.0,6.75
814,0.0,93.0,3,4,3,1.0,2050.0,0,0,1,1.0,2.0,1.72
815,0.0,9.0,4,4,3,3.0,1957.0,0,0,1,2.0,0.0,2.4
816,0.0,14.0,3,2,2,3.0,750.0,0,0,1,2.0,2.0,0.6
817,1.0,54.0,5,5,3,3.0,2722.28,1,0,0,2.0,1.0,9.5
818,0.0,38.0,2,2,1,2.0,722.0,0,0,0,1.0,1.0,0.5
819,0.0,77.0,3,3,3,1.0,1969.0,0,0,1,1.0,0.0,2.79
820,0.0,43.0,3,3,3,1.0,1439.0,0,0,1,1.0,1.0,2.15
821,0.0,43.0,2,2,2,1.0,623.0,0,0,1,1.0,2.0,0.4
822,0.0,112.0,3,4,0,1.0,2400.0,0,0,1,2.0,0.0,1.6
823,0.0,100.0,4,4,3,3.0,3108.0,1,0,1,2.0,0.0,2.2
824,0.0,23.0,3,4,2,2.0,2000.0,1,0,1,1.0,1.0,1.15
825,0.0,78.0,4,4,3,3.0,2501.0,1,0,1,1.0,2.0,2.7
826,0.0,96.0,3,2,3,3.0,1319.0,0,0,1,0.0,2.0,1.1
827,0.0,99.0,3,2,1,3.0,1654.0,1,1,2,0.0,2.0,1.25
828,1.0,37.0,5,6,3,1.0,3238.76,1,0,0,0.0,1.0,10.5
829,0.0,101.0,3,4,3,3.0,2179.0,1,0,1,1.0,2.0,1.75
830,0.0,47.0,3,3,3,3.0,1350.0,0,0,1,1.0,2.0,1.25
831,0.0,80.0,4,4,0,1.0,2556.0,0,0,1,1.0,2.0,1.85
832,0.0,59.0,4,3,3,2.0,2492.0,0,0,1,2.0,2.0,2.0
833,0.0,105.0,3,1,0,1.0,1103.0,0,0,1,1.0,1.0,1.1
834,0.0,107.0,2,2,1,1.0,767.0,0,0,1,1.0,1.0,0.47
835,0.0,9.0,3,3,3,3.0,1315.0,1,0,1,2.0,1.0,1.4
836,0.0,61.0,3,3,3,0.0,2000.0,0,1,0,2.0,2.0,2.35
837,0.0,105.0,2,2,2,4.0,1230.0,0,0,1,1.0,1.0,1.0
838,0.0,91.0,3,4,3,3.0,1611.0,1,0,0,2.0,1.0,1.25
839,0.0,105.0,2,2,2,1.0,804.0,0,0,1,2.0,1.0,0.95
840,0.0,89.0,3,3,3,1.0,1826.0,0,0,0,1.0,0.0,2.2
841,0.0,113.0,2,2,1,3.0,601.0,0,0,1,1.0,2.0,0.32
842,0.0,111.0,3,2,2,1.0,761.0,0,0,1,1.0,2.0,0.4
843,0.0,118.0,2,2,1,2.0,1028.0,0,0,0,1.0,0.0,0.56
844,0.0,15.0,2,2,3,3.0,1167.0,1,0,1,0.0,2.0,0.97
845,0.0,43.0,4,4,3,1.0,2371.0,1,0,0,1.0,1.0,2.96
846,0.0,96.0,4,4,3,3.0,3512.0,1,0,0,2.0,0.0,4.2
847,0.0,102.0,3,3,1,3.0,1746.0,0,0,1,2.0,2.0,1.35
848,0.0,82.0,3,3,3,3.0,1893.0,0,0,1,1.0,0.0,1.8
849,0.0,98.0,5,6,3,1.0,5711.0,1,0,1,2.0,2.0,3.85
850,0.0,79.0,3,3,3,0.0,2236.0,1,0,0,0.0,0.0,2.95
851,0.0,107.0,4,4,3,3.0,2362.0,1,0,0,2.0,2.0,1.51
852,0.0,107.0,2,2,3,3.0,1222.0,0,0,1,0.0,2.0,0.65
853,0.0,107.0,3,3,3,3.0,1581.0,0,0,1,2.0,0.0,1.21
854,0.0,101.0,2,3,3,3.0,1576.0,0,1,1,2.0,2.0,1.04
855,0.0,58.0,3,3,1,3.0,1611.0,0,0,1,2.0,1.0,1.38
856,0.0,107.0,3,3,3,3.0,1600.0,0,0,1,2.0,2.0,1.24
857,0.0,107.0,4,4,3,0.0,2200.0,1,0,0,2.0,0.0,1.54
858,0.0,100.0,2,2,3,1.0,1222.0,0,0,1,1.0,2.0,0.85
859,0.0,82.0,3,3,2,3.0,1428.0,0,0,1,2.0,1.0,1.4
860,1.0,24.0,2,2,2,2.0,1426.0,0,0,1,1.0,1.0,1.5
861,0.0,115.0,2,1,2,1.0,913.0,0,0,1,2.0,1.0,0.65
862,0.0,64.0,3,4,3,2.0,3222.0,1,0,0,1.0,2.0,5.0
863,0.0,13.0,3,4,3,3.0,1186.0,1,0,1,1.0,0.0,1.28
864,1.0,54.0,3,4,3,1.0,215.0,1,0,0,2.0,2.0,1.95
865,0.0,59.0,3,3,3,3.0,1633.0,0,0,1,1.0,1.0,2.09
866,0.0,30.0,2,2,3,0.0,1281.0,0,0,1,2.0,1.0,0.98
867,0.0,102.0,3,4,3,3.0,1580.0,0,1,1,0.0,0.0,1.56
868,0.0,72.0,4,5,3,3.0,2534.0,1,0,0,0.0,2.0,3.7
869,1.0,32.0,5,5,3,2.0,1549.44,0,0,0,2.0,1.0,2.8
870,0.0,68.0,3,3,3,0.0,2036.0,0,0,1,2.0,2.0,2.5
871,0.0,81.0,2,2,3,3.0,1130.0,0,0,0,2.0,1.0,1.08
872,0.0,47.0,2,2,0,4.0,1578.0,1,0,1,2.0,0.0,0.95
873,0.0,101.0,3,4,3,1.0,2179.0,0,0,1,1.0,2.0,1.65
874,0.0,79.0,3,3,3,3.0,2029.0,1,0,0,0.0,0.0,3.05
875,0.0,85.0,2,2,3,3.0,1402.0,0,0,1,1.0,0.0,1.25
876,0.0,15.0,2,3,3,3.0,1161.0,0,0,1,2.0,2.0,0.93
877,0.0,22.0,2,2,2,1.0,1418.0,0,0,1,2.0,0.0,1.5
878,0.0,13.0,3,4,3,3.0,1186.0,1,0,1,0.0,2.0,1.2
879,0.0,73.0,3,3,2,1.0,1766.0,0,0,1,1.0,1.0,2.6
880,0.0,74.0,5,7,3,3.0,4990.0,1,0,0,0.0,2.0,10.75
881,0.0,99.0,1,1,1,3.0,520.0,0,0,2,2.0,2.0,0.4
882,1.0,29.0,4,4,2,2.0,4519.2,1,0,0,1.0,1.0,8.5
883,0.0,65.0,3,3,3,0.0,2000.0,0,0,0,2.0,1.0,1.55
884,0.0,9.0,3,3,3,3.0,1315.0,0,0,0,0.0,2.0,1.5
885,1.0,53.0,8,5,3,2.0,3238.76,1,1,0,1.0,1.0,9.0
886,0.0,89.0,2,2,2,3.0,1508.0,0,0,0,0.0,0.0,1.6
887,1.0,71.0,6,4,0,0.0,240.0,0,0,1,1.0,1.0,1.0
888,0.0,98.0,3,3,3,3.0,1668.0,0,0,0,1.0,1.0,1.85
889,0.0,109.0,3,3,2,3.0,1596.0,0,0,1,1.0,2.0,0.71
890,0.0,93.0,2,2,3,1.0,93.0,0,0,1,2.0,2.0,1.47
891,0.0,101.0,3,4,3,3.0,2179.0,1,0,0,1.0,1.0,1.85
892,1.0,68.0,4,4,2,0.0,1732.36,0,1,0,2.0,1.0,3.3
893,0.0,105.0,3,3,3,1.0,2122.0,1,0,1,1.0,1.0,1.3
894,0.0,93.0,3,3,3,3.0,1154.0,0,0,0,2.0,0.0,1.2
895,0.0,43.0,2,2,3,1.0,1111.0,0,0,1,2.0,1.0,1.2
896,0.0,93.0,3,3,3,3.0,2167.0,0,0,0,2.0,1.0,1.1
897,1.0,53.0,9,9,3,0.0,5000.0,1,1,0,2.0,2.0,9.25
898,0.0,20.0,4,5,3,3.0,2996.0,1,0,2,0.0,2.0,3.9
899,0.0,15.0,3,3,2,1.0,1480.0,0,0,1,0.0,0.0,2.5
900,0.0,115.0,2,2,1,3.0,535.0,0,0,1,1.0,1.0,0.26
901,0.0,59.0,3,4,3,0.0,1750.75,1,0,0,2.0,2.0,1.98
902,0.0,103.0,3,3,3,1.0,1642.0,0,0,1,2.0,2.0,1.29
903,0.0,30.0,2,2,2,2.0,1100.0,0,0,0,1.0,0.0,0.75
904,0.0,22.0,3,3,3,1.0,2006.0,1,0,1,2.0,2.0,2.85
905,0.0,98.0,4,4,3,3.0,2273.0,0,0,1,1.0,1.0,2.6
906,0.0,113.0,2,2,2,1.0,502.0,0,0,1,2.0,0.0,0.32
907,0.0,109.0,4,4,3,3.0,1920.0,1,0,1,1.0,2.0,1.9
908,0.0,112.0,2,2,2,1.0,1235.0,0,0,0,2.0,1.0,1.15
909,0.0,86.0,4,4,3,0.0,1985.0,1,0,1,2.0,0.0,1.32
910,0.0,84.0,3,5,3,3.0,1527.0,1,0,1,2.0,2.0,1.6
911,0.0,9.0,4,4,3,3.0,4630.0,0,0,0,2.0,0.0,4.55
912,0.0,102.0,3,4,3,3.0,1715.0,1,0,1,2.0,2.0,1.65
913,0.0,111.0,1,1,1,3.0,3569.0,0,0,1,2.0,0.0,0.17
914,0.0,87.0,4,5,3,1.0,2629.0,1,0,1,2.0,0.0,4.1
915,0.0,108.0,2,2,3,0.0,1271.0,0,0,1,2.0,2.0,0.96
916,0.0,20.0,4,6,3,3.0,4072.0,1,0,0,2.0,2.0,5.25
917,0.0,16.0,3,3,1,0.0,2419.0,0,0,1,1.0,2.0,1.38
918,0.0,30.0,2,2,3,0.0,1281.0,0,0,1,2.0,0.0,0.98
919,0.0,58.0,4,4,3,0.0,3000.0,0,0,1,1.0,1.0,3.45
920,0.0,84.0,3,4,3,1.0,1527.0,1,0,1,1.0,1.0,1.8
921,0.0,109.0,4,4,2,0.0,1584.0,0,1,2,2.0,1.0,0.87
922,1.0,11.0,3,5,3,0.0,920.0,0,0,1,2.0,1.0,1.95
923,0.0,43.0,3,4,2,0.0,1398.0,1,0,1,1.0,2.0,1.35
924,0.0,11.0,4,4,3,3.0,2851.0,1,0,1,2.0,0.0,2.78
925,0.0,96.0,3,2,3,3.0,1352.0,0,0,1,2.0,0.0,1.15
926,1.0,68.0,5,5,3,3.0,5778.12,1,1,0,0.0,2.0,9.25
927,0.0,111.0,2,2,1,3.0,610.0,0,0,0,2.0,2.0,0.32
928,0.0,105.0,2,2,0,1.0,1103.0,0,0,1,1.0,1.0,0.88
929,0.0,57.0,3,4,3,0.0,1950.0,1,0,1,1.0,2.0,2.15
930,0.0,76.0,2,2,2,3.0,1372.0,0,0,1,1.0,1.0,1.4
931,0.0,73.0,3,2,3,1.0,1534.0,0,0,1,2.0,1.0,2.1
932,0.0,99.0,3,3,2,3.0,1588.0,1,1,0,0.0,0.0,1.05
933,0.0,30.0,2,2,3,0.0,1416.0,0,0,1,2.0,2.0,1.26
934,0.0,73.0,2,2,2,1.0,1278.0,0,0,1,2.0,1.0,1.6
935,0.0,96.0,3,3,3,3.0,2343.0,1,0,0,1.0,0.0,2.7
936,1.0,66.0,4,4,3,2.0,1452.6,0,0,0,1.0,1.0,3.55
937,0.0,108.0,4,3,3,3.0,2578.0,0,0,2,1.0,1.0,1.8
938,0.0,16.0,3,2,3,0.0,1701.0,0,0,1,2.0,0.0,1.3
939,0.0,115.0,2,2,2,3.0,743.0,0,0,1,1.0,1.0,0.3
940,0.0,105.0,3,3,2,1.0,1581.0,0,0,1,1.0,1.0,1.2
941,0.0,84.0,3,3,3,3.0,1527.0,1,0,1,2.0,2.0,1.62
942,0.0,79.0,3,4,3,3.0,2219.0,1,0,0,2.0,0.0,3.15
943,0.0,32.0,2,2,2,0.0,706.0,0,0,1,1.0,1.0,0.16
944,0.0,63.0,1,1,0,0.0,278.0,0,0,0,1.0,1.0,0.29
945,0.0,100.0,1,1,1,1.0,500.0,0,0,0,1.0,0.0,0.3
946,0.0,47.0,3,4,3,3.0,1665.0,0,0,1,2.0,2.0,1.22
947,0.0,77.0,3,3,3,3.0,1493.0,1,0,0,0.0,1.0,2.36
948,0.0,9.0,3,3,3,3.0,1315.0,1,0,1,2.0,2.0,1.35
949,0.0,9.0,3,3,3,3.0,1300.0,1,0,1,1.0,2.0,1.45
950,0.0,31.0,2,2,2,1.0,1285.0,0,0,1,1.0,2.0,1.99
951,0.0,3.0,3,3,3,1.0,1357.0,0,0,1,1.0,2.0,2.0
952,1.0,66.0,3,3,3,2.0,2162.76,1,1,0,1.0,1.0,4.6
953,0.0,101.0,2,2,3,3.0,1630.0,0,1,1,0.0,2.0,1.11
954,0.0,13.0,3,4,3,3.0,1345.0,1,0,1,0.0,2.0,1.05
955,0.0,97.0,2,2,2,3.0,1294.0,0,0,1,2.0,2.0,0.85
956,0.0,22.0,2,2,2,3.0,1199.0,0,0,1,1.0,1.0,1.32
957,0.0,9.0,3,3,3,3.0,2222.0,1,0,0,2.0,2.0,1.98
958,0.0,16.0,3,3,3,3.0,2303.0,1,0,1,2.0,2.0,1.6
959,0.0,98.0,3,2,3,3.0,1667.0,0,0,0,2.0,1.0,1.25
960,0.0,65.0,4,3,3,2.0,1900.0,0,0,0,1.0,1.0,1.75
961,1.0,37.0,4,4,3,2.0,2700.76,0,0,0,2.0,1.0,6.0
962,1.0,60.0,2,2,1,2.0,900.0,0,0,1,1.0,1.0,0.8
963,0.0,16.0,3,3,3,0.0,2303.0,1,0,1,2.0,2.0,1.68
964,0.0,93.0,3,2,3,3.0,1570.0,0,0,1,1.0,2.0,1.7
965,0.0,101.0,2,2,3,3.0,1730.0,0,0,1,1.0,2.0,1.25
966,0.0,96.0,3,2,3,3.0,1463.0,0,0,0,2.0,2.0,1.15
967,0.0,77.0,2,2,2,3.0,1010.0,0,0,0,0.0,2.0,1.42
968,0.0,43.0,3,2,2,1.0,1857.0,0,0,1,2.0,0.0,1.67
969,0.0,20.0,4,4,3,3.0,3056.0,0,0,1,2.0,2.0,4.67
970,0.0,15.0,3,4,0,3.0,2850.0,0,0,1,1.0,0.0,1.5
971,1.0,56.0,5,4,3,0.0,1452.6,1,0,0,2.0,1.0,3.55
972,0.0,96.0,3,3,3,3.0,1475.0,0,0,1,2.0,2.0,1.4
973,0.0,84.0,3,3,3,1.0,1765.0,1,1,1,1.0,2.0,1.9
974,0.0,64.0,3,4,3,3.0,2500.0,1,0,0,1.0,2.0,5.0
975,1.0,35.0,5,5,3,3.0,4519.2,1,1,0,2.0,1.0,17.0
976,0.0,80.0,2,2,1,1.0,657.0,0,0,1,1.0,0.0,0.7
977,0.0,48.0,3,3,3,3.0,1000.0,0,1,1,2.0,2.0,1.2
978,1.0,51.0,1,1,0,0.0,50.0,0,0,1,1.0,1.0,0.4
979,0.0,111.0,3,3,1,3.0,2000.0,0,0,1,2.0,0.0,0.9
980,1.0,54.0,4,4,3,0.0,540.0,0,0,2,1.0,2.0,1.65
981,1.0,21.0,4,6,3,1.0,6382.0,1,1,0,2.0,1.0,7.99
982,1.0,30.0,2,2,1,3.0,583.0,0,0,1,1.0,1.0,0.4
983,0.0,99.0,2,2,3,3.0,1300.0,0,0,0,2.0,2.0,0.98
984,0.0,115.0,2,2,1,1.0,650.0,0,0,1,2.0,0.0,0.3
985,1.0,108.0,4,4,3,1.0,2431.76,0,0,0,1.0,1.0,3.6
986,0.0,89.0,2,2,3,3.0,1300.0,0,0,1,2.0,0.0,1.55
987,0.0,92.0,2,2,3,4.0,1467.0,0,0,1,1.0,0.0,0.99
988,1.0,58.0,7,7,3,0.0,2334.92,0,0,0,1.0,1.0,5.0
989,0.0,64.0,3,4,3,3.0,2500.0,1,0,0,0.0,2.0,4.8
990,0.0,115.0,2,2,2,1.0,588.0,0,0,1,1.0,0.0,0.28
991,0.0,103.0,2,2,3,3.0,1611.0,0,0,1,2.0,2.0,1.0
992,0.0,99.0,3,3,3,3.0,1387.0,1,0,1,1.0,2.0,1.35
993,0.0,11.0,3,4,3,1.0,2544.0,0,0,1,2.0,0.0,1.8
994,0.0,96.0,2,2,1,1.0,704.0,0,0,2,2.0,0.0,0.5
995,0.0,54.0,3,3,2,2.0,1294.0,0,0,0,2.0,0.0,2.09
996,0.0,68.0,2,2,1,2.0,950.0,0,0,1,2.0,1.0,1.12
997,1.0,58.0,7,7,3,0.0,2334.92,0,0,0,1.0,1.0,4.75
998,0.0,38.0,2,2,0,2.0,1056.0,0,0,1,2.0,2.0,1.35
999,1.0,51.0,2,3,0,0.0,160.0,0,0,1,1.0,1.0,1.25
1000,0.0,78.0,3,4,2,3.0,1850.0,1,0,0,0.0,2.0,1.9
1001,0.0,61.0,3,3,3,0.0,1790.0,0,0,0,0.0,0.0,1.88
1002,0.0,82.0,4,4,1,3.0,1783.0,0,0,1,2.0,0.0,1.75
1003,0.0,96.0,4,4,3,1.0,2599.0,1,0,2,0.0,2.0,3.45
1004,0.0,11.0,1,1,1,3.0,301.0,0,0,1,2.0,1.0,0.2
1005,0.0,101.0,2,2,3,3.0,1484.0,0,0,0,0.0,0.0,1.2
1006,0.0,11.0,4,4,3,3.0,2303.0,1,0,1,1.0,2.0,2.55
1007,0.0,107.0,3,4,3,3.0,1679.0,1,1,1,2.0,1.0,0.85
1008,0.0,48.0,2,2,3,1.0,610.0,0,0,1,2.0,1.0,0.55
1009,0.0,103.0,3,3,3,1.0,1674.0,0,0,1,1.0,0.0,1.5
1010,0.0,80.0,2,2,2,3.0,581.0,0,0,1,2.0,1.0,0.62
1011,0.0,93.0,2,2,3,1.0,1747.0,0,0,1,2.0,1.0,1.41
1012,0.0,107.0,4,4,3,3.0,2512.0,1,1,0,0.0,0.0,1.9
1013,0.0,10.0,2,3,3,3.0,1613.0,1,0,0,2.0,1.0,0.93
1014,0.0,11.0,2,2,1,3.0,515.0,0,0,1,1.0,0.0,0.4
1015,1.0,61.0,5,7,3,0.0,3238.76,1,0,0,0.0,1.0,10.45
1016,1.0,71.0,3,3,2,0.0,600.0,0,0,1,1.0,1.0,0.5
1017,0.0,101.0,3,3,3,3.0,1436.0,0,0,1,1.0,2.0,0.9
1018,0.0,84.0,3,5,3,3.0,1527.0,1,0,1,2.0,1.0,1.64
1019,1.0,23.0,2,2,1,2.0,166.0,0,0,1,1.0,1.0,1.4
1020,0.0,77.0,3,3,3,0.0,3027.0,1,0,0,2.0,0.0,6.15
1021,0.0,44.0,2,2,1,1.0,590.0,0,0,1,1.0,1.0,0.42
1022,0.0,82.0,3,3,2,3.0,1492.0,0,0,0,0.0,2.0,1.5
1023,0.0,54.0,3,3,2,0.0,1273.0,0,0,1,2.0,2.0,2.0
1024,0.0,115.0,3,2,3,3.0,1319.0,0,0,1,2.0,0.0,1.1
1025,0.0,55.0,4,4,2,2.0,3194.0,1,0,2,1.0,2.0,2.25
1026,0.0,109.0,3,3,1,3.0,833.0,0,0,1,1.0,2.0,0.45
1027,0.0,67.0,4,4,3,0.0,2667.0,0,0,0,1.0,2.0,2.05
1028,0.0,13.0,2,2,3,1.0,1200.0,0,0,0,0.0,2.0,0.97
1029,0.0,19.0,2,1,1,3.0,543.0,0,0,1,1.0,1.0,0.22
1030,0.0,30.0,1,1,1,0.0,556.0,0,0,1,1.0,1.0,0.2
1031,0.0,45.0,1,1,1,3.0,600.0,0,0,1,1.0,2.0,0.5
1032,0.0,77.0,2,2,2,3.0,1358.0,0,0,1,1.0,0.0,1.9
1033,1.0,23.0,1,1,1,2.0,1800.0,1,0,1,1.0,1.0,1.7
1034,1.0,29.0,4,4,3,2.0,3500.0,1,1,1,1.0,1.0,6.95
1035,0.0,22.0,4,4,3,4.0,2553.0,1,0,1,2.0,1.0,2.87
1036,1.0,61.0,4,4,2,2.0,2162.76,1,0,1,1.0,1.0,7.0
1037,0.0,82.0,3,3,2,3.0,1428.0,0,0,0,2.0,2.0,1.42
1038,0.0,14.0,2,2,2,3.0,608.0,0,0,1,1.0,2.0,0.36
1039,0.0,77.0,2,2,2,3.0,1140.0,0,0,1,1.0,0.0,1.99
1040,1.0,34.0,5,4,3,2.0,1345.0,0,0,1,1.0,1.0,4.31
1041,1.0,96.0,1,1,0,3.0,1095.0,0,0,1,1.0,1.0,0.89
1042,1.0,54.0,8,8,3,0.0,3766.0,1,1,2,0.0,1.0,10.85
1043,1.0,57.0,3,3,3,2.0,275.0,0,0,0,1.0,1.0,1.15
1044,0.0,67.0,4,4,3,2.0,2000.0,0,0,0,2.0,2.0,1.99
1045,0.0,79.0,3,3,3,0.0,2047.0,1,0,2,1.0,2.0,2.8
1046,0.0,30.0,1,1,2,0.0,588.0,0,0,1,1.0,2.0,0.55
1047,0.0,84.0,3,4,2,4.0,1416.0,0,0,1,1.0,0.0,0.99
1048,0.0,78.0,3,4,3,3.0,2200.0,1,1,0,2.0,2.0,3.4
1049,0.0,107.0,4,4,3,3.0,2456.0,1,1,1,0.0,0.0,1.95
1050,0.0,47.0,3,1,0,3.0,1820.0,0,0,1,1.0,1.0,0.95
1051,0.0,79.0,3,4,3,3.0,2490.0,1,0,0,2.0,0.0,3.5
1052,0.0,73.0,2,2,2,1.0,1278.0,0,0,1,1.0,2.0,1.6
1053,0.0,91.0,3,4,3,3.0,1810.0,1,0,0,0.0,2.0,1.08
1054,0.0,109.0,4,4,3,3.0,2518.0,1,0,1,2.0,2.0,1.18
1055,0.0,79.0,3,4,3,3.0,2100.0,1,0,0,1.0,0.0,3.39
1056,0.0,99.0,3,3,2,3.0,1588.0,0,1,0,0.0,2.0,1.1
1057,0.0,85.0,2,2,1,1.0,930.0,0,0,0,2.0,0.0,0.95
1058,0.0,62.0,1,1,0,0.0,80.0,0,0,1,1.0,1.0,0.3
1059,1.0,40.0,6,1,0,1.0,3000.0,0,0,1,1.0,1.0,1.5
1060,0.0,73.0,3,3,3,1.0,1223.0,1,0,1,2.0,1.0,2.45
1061,0.0,17.0,6,4,2,0.0,3951.0,0,0,1,1.0,2.0,2.3
1062,0.0,14.0,1,1,0,3.0,318.0,0,0,1,2.0,1.0,0.25
1063,0.0,60.0,1,1,1,3.0,648.0,0,0,1,1.0,1.0,0.26
1064,0.0,67.0,3,2,3,3.0,2250.0,0,0,0,2.0,2.0,2.11
1065,1.0,35.0,5,5,3,2.0,4519.2,1,1,0,2.0,1.0,13.5
1066,0.0,9.0,3,3,2,1.0,1337.0,0,0,1,2.0,1.0,2.03
1067,0.0,86.0,3,3,3,0.0,1466.0,0,0,1,2.0,1.0,0.98
1068,0.0,84.0,2,2,2,1.0,1026.0,0,0,1,1.0,1.0,1.1
1069,0.0,13.0,3,3,3,3.0,1145.0,0,0,1,0.0,0.0,1.2
1070,0.0,38.0,2,2,2,2.0,900.0,0,0,1,2.0,1.0,0.58
1071,1.0,10.0,4,4,3,3.0,3217.24,1,1,1,2.0,1.0,4.35
1072,0.0,9.0,3,4,3,0.0,1757.0,1,0,1,2.0,0.0,1.82
1073,0.0,11.0,3,4,3,3.0,2072.0,1,1,1,2.0,0.0,1.85
1074,0.0,82.0,4,4,1,3.0,2186.0,0,0,1,2.0,0.0,2.0
1075,0.0,81.0,2,2,2,1.0,1200.0,0,0,0,2.0,0.0,1.05
1076,0.0,95.0,3,3,3,0.0,1580.0,1,0,1,2.0,2.0,1.1
1077,0.0,82.0,3,4,2,3.0,2056.0,0,0,0,0.0,1.0,1.75
1078,0.0,15.0,4,4,3,3.0,2500.0,1,0,0,0.0,2.0,2.0
1079,0.0,115.0,2,2,1,1.0,669.0,0,0,0,2.0,1.0,0.4
1080,0.0,77.0,3,3,3,3.0,2380.0,1,0,0,1.0,2.0,4.7
1081,0.0,78.0,3,4,3,3.0,2150.0,1,0,1,2.0,2.0,3.5
1082,0.0,11.0,3,4,3,3.0,2018.0,1,0,0,2.0,2.0,1.16
1083,0.0,77.0,3,3,2,3.0,2040.0,1,0,1,1.0,0.0,3.67
1084,0.0,99.0,2,2,2,3.0,950.0,0,0,0,0.0,1.0,0.65
1085,0.0,96.0,2,2,3,1.0,1231.0,0,0,1,2.0,2.0,0.9
1086,0.0,109.0,3,3,3,3.0,1801.0,0,0,1,2.0,1.0,0.85
1087,0.0,111.0,2,2,2,1.0,571.0,0,0,1,1.0,0.0,0.45
1088,0.0,38.0,2,2,3,2.0,1161.0,0,0,1,1.0,0.0,1.25
1089,1.0,10.0,3,5,3,3.0,3534.0,0,0,1,1.0,2.0,2.25
1090,0.0,58.0,3,4,3,0.0,1951.0,0,0,0,2.0,1.0,1.8
1091,0.0,78.0,2,2,2,3.0,1188.0,0,0,0,2.0,2.0,1.51
1092,0.0,15.0,3,4,2,1.0,2525.0,0,0,1,2.0,0.0,3.35
1093,0.0,97.0,2,2,2,3.0,1299.0,0,0,1,2.0,0.0,1.0
1094,0.0,79.0,4,4,3,3.0,3200.0,1,1,0,0.0,1.0,4.75
1095,0.0,109.0,3,2,2,3.0,1325.0,0,0,1,2.0,2.0,0.7
1096,0.0,5.0,4,4,3,0.0,2946.0,0,0,0,1.0,2.0,1.25
1097,0.0,43.0,2,2,3,1.0,1539.0,0,0,1,2.0,1.0,1.5
1098,0.0,93.0,3,3,0,3.0,1815.0,0,0,1,1.0,0.0,1.65
1099,0.0,103.0,3,3,3,3.0,1990.0,0,0,1,2.0,2.0,1.3
1100,0.0,16.0,3,3,3,3.0,1466.0,0,0,1,1.0,2.0,1.4
1101,0.0,79.0,3,3,3,3.0,2047.0,0,1,0,0.0,2.0,3.0
1102,0.0,80.0,2,2,2,3.0,581.0,0,0,1,2.0,1.0,0.55
1103,0.0,51.0,2,2,1,3.0,1056.0,0,0,1,1.0,2.0,0.36
1104,0.0,115.0,2,2,2,3.0,500.0,0,0,0,1.0,1.0,0.28
1105,1.0,40.0,2,1,0,0.0,1100.0,0,0,1,1.0,1.0,0.55
1106,1.0,56.0,4,3,3,3.0,90.0,0,0,0,1.0,1.0,2.25
1107,0.0,81.0,2,2,2,1.0,1311.0,0,0,1,2.0,0.0,1.0
1108,0.0,74.0,3,3,3,1.0,2876.0,1,0,0,1.0,0.0,3.95
1109,0.0,67.0,4,4,3,2.0,2600.0,0,1,0,2.0,2.0,2.05
1110,0.0,9.0,3,4,3,0.0,1945.0,1,0,1,2.0,2.0,2.2
1111,0.0,72.0,2,3,2,3.0,1403.0,0,0,1,2.0,2.0,2.5
1112,0.0,13.0,3,4,3,3.0,1186.0,1,0,0,0.0,2.0,1.1
1113,0.0,111.0,2,2,1,1.0,950.0,0,0,1,1.0,0.0,0.3
1114,0.0,77.0,2,2,3,4.0,1141.0,0,0,0,1.0,0.0,2.33
1115,0.0,87.0,3,4,3,1.0,2185.0,1,0,2,0.0,0.0,3.3
1116,0.0,77.0,3,3,3,3.0,1262.0,1,0,2,0.0,2.0,1.73
1117,0.0,11.0,3,4,3,3.0,2090.0,1,0,0,0.0,0.0,2.65
1118,0.0,31.0,3,3,3,3.0,1860.0,0,0,2,1.0,2.0,2.55
1119,0.0,14.0,2,2,2,3.0,608.0,0,0,1,1.0,2.0,0.35
1120,0.0,14.0,2,2,3,3.0,1236.0,0,0,0,0.0,2.0,0.8
1121,0.0,15.0,3,4,2,3.0,2343.0,1,0,1,1.0,0.0,3.95
1122,1.0,71.0,5,5,1,1.0,120.0,0,0,1,1.0,1.0,1.25
1123,1.0,35.0,4,4,3,0.0,1796.92,0,1,1,1.0,1.0,5.5
1124,1.0,115.0,2,3,2,1.0,117.0,0,0,0,2.0,1.0,1.5
1125,0.0,48.0,3,3,3,3.0,1983.0,1,0,1,1.0,2.0,1.72
1126,1.0,54.0,4,4,2,4.0,2431.76,1,1,2,0.0,2.0,5.75
1127,0.0,102.0,3,3,1,3.0,1550.0,0,0,1,0.0,0.0,1.5
1128,1.0,105.0,2,2,2,1.0,1297.0,0,0,1,1.0,0.0,0.7
1129,0.0,77.0,2,2,3,4.0,1592.0,0,0,1,1.0,2.0,2.29
1130,0.0,115.0,2,1,3,1.0,828.0,0,0,1,2.0,1.0,0.54
1131,0.0,54.0,3,3,1,2.0,1233.0,0,1,0,2.0,1.0,2.1
1132,0.0,93.0,3,4,3,3.0,1416.0,1,0,0,2.0,0.0,1.5
1133,0.0,112.0,4,4,3,1.0,3041.0,1,0,1,2.0,1.0,3.25
1134,1.0,57.0,8,6,3,0.0,3238.76,1,0,0,1.0,1.0,8.81
1135,0.0,107.0,3,3,3,3.0,1747.0,1,0,1,2.0,2.0,1.15
1136,0.0,115.0,2,2,3,3.0,1148.0,0,0,1,2.0,2.0,0.73
1137,0.0,118.0,1,1,1,0.0,565.0,0,0,1,1.0,0.0,0.38
1138,1.0,54.0,3,3,3,2.0,60.0,0,0,2,1.0,1.0,1.9
1139,0.0,30.0,3,4,3,2.0,1738.0,1,0,1,2.0,2.0,1.55
1140,0.0,9.0,2,2,2,1.0,1166.0,0,0,0,1.0,0.0,1.4
1141,1.0,30.0,8,6,3,0.0,3238.76,1,1,1,1.0,1.0,5.6
1142,1.0,27.0,4,4,0,2.0,3000.0,0,0,1,1.0,1.0,3.0
1143,0.0,73.0,3,3,3,0.0,1538.0,0,0,0,2.0,0.0,2.0
1144,1.0,42.0,6,4,3,2.0,1463.36,0,0,1,1.0,1.0,4.6
1145,0.0,72.0,4,4,3,3.0,2650.0,1,0,0,1.0,0.0,3.75
1146,0.0,111.0,2,2,1,1.0,694.0,0,0,0,2.0,0.0,0.33
1147,0.0,22.0,5,4,3,1.0,2956.0,0,0,2,1.0,1.0,3.72
1148,0.0,101.0,3,4,3,3.0,2399.0,0,1,1,0.0,0.0,1.98
1149,0.0,77.0,3,3,3,3.0,2816.0,1,0,0,2.0,2.0,4.95
1150,0.0,47.0,3,3,3,0.0,1537.0,0,0,0,2.0,2.0,0.9
1151,0.0,48.0,3,3,2,3.0,1439.0,0,0,1,1.0,1.0,1.1
1152,0.0,109.0,4,3,3,1.0,2104.0,1,0,1,2.0,2.0,1.83
1153,0.0,96.0,4,4,3,0.0,2527.0,1,0,1,2.0,0.0,3.45
1154,0.0,58.0,4,5,3,0.0,2167.0,0,0,0,1.0,1.0,2.5
1155,0.0,19.0,2,2,1,1.0,556.0,0,0,0,1.0,1.0,0.22
1156,0.0,59.0,1,1,1,0.0,720.0,0,0,1,1.0,1.0,0.8
1157,0.0,67.0,3,3,2,2.0,1920.0,1,0,0,2.0,2.0,1.54
1158,0.0,101.0,4,5,3,3.0,2545.0,0,0,1,2.0,1.0,1.85
1159,0.0,101.0,4,4,3,3.0,2545.0,1,0,1,1.0,2.0,2.3
1160,0.0,11.0,2,2,3,3.0,1148.0,0,0,1,2.0,2.0,0.75
1161,1.0,82.0,1,1,0,1.0,763.0,0,0,1,1.0,1.0,0.8
1162,0.0,20.0,4,5,3,3.0,2670.0,1,0,1,2.0,0.0,3.4
1163,0.0,111.0,3,3,3,1.0,1720.0,0,1,1,1.0,2.0,0.96
1164,0.0,85.0,2,2,2,3.0,842.0,0,0,0,1.0,2.0,0.85
1165,0.0,84.0,3,4,2,3.0,1950.0,1,0,1,1.0,0.0,1.75
1166,0.0,53.0,4,4,3,2.0,2900.0,0,0,1,1.0,1.0,3.4
1167,0.0,111.0,2,2,2,3.0,974.0,0,0,1,1.0,0.0,0.6
1168,0.0,93.0,3,3,3,3.0,1423.0,0,0,1,0.0,2.0,1.34
1169,0.0,37.0,4,2,3,2.0,1382.0,0,0,1,1.0,1.0,0.9
1170,1.0,37.0,4,5,3,3.0,2840.64,1,1,0,2.0,2.0,11.75
1171,0.0,48.0,3,2,3,3.0,1376.0,0,0,1,1.0,0.0,1.5
1172,0.0,79.0,3,4,2,3.0,2200.0,1,0,0,0.0,0.0,3.05
1173,0.0,103.0,2,2,3,3.0,1387.0,0,0,0,0.0,0.0,1.19
1174,0.0,5.0,3,3,3,0.0,1924.0,1,0,1,1.0,2.0,0.92
1175,0.0,107.0,2,2,2,2.0,1176.0,0,0,1,2.0,0.0,0.65
1176,1.0,35.0,6,6,3,3.0,4519.2,1,0,0,2.0,1.0,19.0
1177,0.0,21.0,2,2,2,3.0,1498.0,0,0,1,2.0,2.0,0.7
1178,0.0,86.0,1,1,1,0.0,869.0,0,0,1,2.0,2.0,1.0
1179,0.0,109.0,3,2,2,3.0,1300.0,0,0,1,1.0,0.0,0.85
1180,1.0,115.0,3,2,2,4.0,1120.0,0,0,1,1.0,1.0,0.85
1181,0.0,77.0,3,3,3,3.0,1493.0,1,0,1,0.0,1.0,2.25
1182,1.0,85.0,4,4,3,1.0,2603.92,0,0,1,1.0,1.0,4.7
1183,0.0,73.0,3,3,2,1.0,1630.0,0,0,1,1.0,2.0,2.55
1184,0.0,61.0,3,4,2,3.0,2700.0,1,0,0,0.0,0.0,2.6
1185,0.0,43.0,3,3,3,4.0,588.0,0,0,1,2.0,1.0,1.4
1186,0.0,16.0,3,2,2,3.0,1701.0,0,0,1,0.0,2.0,1.2
1187,0.0,13.0,3,3,3,3.0,1650.0,1,0,0,0.0,0.0,1.15
1188,1.0,42.0,4,4,2,0.0,1560.2,1,0,0,2.0,1.0,3.69
1189,0.0,10.0,3,3,3,1.0,1464.0,0,0,1,2.0,1.0,1.25
1190,0.0,101.0,4,4,3,3.0,2300.0,1,0,1,1.0,2.0,2.14
1191,0.0,109.0,4,5,3,0.0,1895.0,0,0,0,2.0,0.0,0.92
1192,0.0,115.0,2,2,1,1.0,582.0,0,0,0,1.0,1.0,0.4
1193,1.0,76.0,3,3,3,1.0,2771.0,1,0,0,0.0,2.0,3.85
1194,0.0,63.0,5,7,3,0.0,5778.0,1,0,1,2.0,1.0,5.0
1195,0.0,107.0,2,3,2,3.0,1350.0,0,0,1,2.0,1.0,0.8
1196,0.0,10.0,3,3,3,3.0,1620.0,0,0,0,0.0,1.0,1.35
1197,0.0,57.0,3,4,3,0.0,1916.0,1,0,1,2.0,2.0,2.4
1198,1.0,90.0,2,2,2,1.0,745.0,0,0,1,1.0,0.0,0.75
1199,1.0,83.0,3,2,0,2.0,1000.0,0,0,1,1.0,1.0,0.45
1200,0.0,107.0,4,4,3,3.0,2000.0,0,0,1,2.0,2.0,1.78
1201,0.0,112.0,2,2,3,1.0,1365.0,0,0,1,2.0,1.0,0.82
1202,0.0,77.0,3,5,3,3.0,4271.0,1,0,2,1.0,1.0,6.15
1203,0.0,5.0,3,2,3,0.0,1696.0,0,0,1,1.0,2.0,0.65
1204,1.0,10.0,4,5,0,3.0,4700.0,0,0,1,2.0,0.0,3.15
1205,0.0,77.0,3,3,3,1.0,2282.0,1,0,0,0.0,0.0,3.5
1206,0.0,105.0,2,3,3,4.0,1502.0,0,0,1,2.0,2.0,0.8
1207,0.0,115.0,2,2,1,3.0,516.0,0,0,1,1.0,0.0,0.24
1208,1.0,94.0,1,1,1,0.0,556.0,0,0,1,1.0,1.0,0.45
1209,0.0,9.0,3,3,3,3.0,1315.0,1,0,1,2.0,2.0,1.35
1210,0.0,100.0,3,4,3,3.0,1703.0,1,0,1,2.0,0.0,1.52
1211,0.0,57.0,1,1,2,2.0,599.0,0,0,1,2.0,1.0,0.65
1212,1.0,34.0,5,6,3,0.0,4519.2,1,1,1,2.0,1.0,15.5
1213,0.0,47.0,3,4,3,3.0,1635.0,0,0,1,2.0,2.0,1.2
1214,0.0,10.0,4,6,3,3.0,2602.0,1,0,0,2.0,2.0,2.2
1215,0.0,54.0,4,4,3,0.0,2712.0,1,0,1,1.0,2.0,6.5
1216,1.0,34.0,6,7,3,0.0,1796.92,1,0,0,2.0,1.0,6.6
1217,0.0,101.0,2,2,2,1.0,1484.0,0,0,1,2.0,0.0,1.3
1218,0.0,82.0,3,3,1,3.0,1568.0,0,0,1,2.0,0.0,1.37
1219,0.0,9.0,2,2,2,3.0,915.0,0,0,1,1.0,0.0,0.95
1220,0.0,10.0,4,6,3,3.0,2718.0,1,0,1,2.0,2.0,2.14
1221,0.0,9.0,3,3,3,3.0,2351.0,1,1,1,2.0,1.0,2.6
1222,1.0,59.0,3,3,1,2.0,1700.08,0,0,0,1.0,1.0,3.75
1223,0.0,101.0,3,4,3,3.0,2026.0,1,0,1,0.0,2.0,2.1
1224,0.0,14.0,2,2,2,3.0,543.0,0,0,1,1.0,0.0,0.28
1225,0.0,99.0,3,3,3,3.0,1400.0,1,0,0,0.0,2.0,1.55
1226,0.0,101.0,3,3,2,3.0,1825.0,0,0,1,1.0,0.0,1.75
1227,1.0,34.0,4,3,3,0.0,1796.92,0,0,1,1.0,1.0,6.5
1228,0.0,77.0,3,3,2,3.0,1654.0,0,0,1,1.0,2.0,2.44
1229,0.0,82.0,4,3,0,3.0,1826.0,0,0,1,1.0,1.0,1.0
1230,0.0,107.0,4,4,3,0.0,2468.0,1,0,1,1.0,0.0,2.0
1231,0.0,99.0,3,3,3,3.0,1350.0,1,0,0,1.0,2.0,1.38
1232,0.0,43.0,3,2,3,1.0,1730.0,0,0,1,1.0,2.0,1.55
1233,1.0,38.0,4,2,2,2.0,130.0,0,0,1,1.0,1.0,0.75
1234,0.0,109.0,3,3,3,3.0,1415.0,0,0,0,1.0,1.0,0.75
1235,1.0,78.0,5,6,3,1.0,3152.68,1,0,1,1.0,2.0,12.0
1236,1.0,66.0,3,3,2,1.0,180.0,1,0,0,2.0,2.0,1.64
1237,1.0,49.0,10,10,3,0.0,3098.88,0,0,1,1.0,1.0,8.0
1238,0.0,77.0,3,3,3,3.0,1650.0,1,0,1,1.0,2.0,2.65
1239,0.0,115.0,2,2,2,3.0,822.0,0,0,1,2.0,1.0,0.58
1240,0.0,74.0,3,3,3,1.0,2343.0,1,0,0,1.0,0.0,4.0
1241,0.0,77.0,4,4,3,3.0,1975.0,1,0,1,1.0,1.0,2.85
1242,1.0,16.0,4,5,3,3.0,2216.56,1,0,0,2.0,1.0,5.85
1243,0.0,93.0,3,3,3,3.0,1213.0,0,0,0,2.0,1.0,1.3
1244,0.0,100.0,2,2,1,3.0,531.0,0,1,1,2.0,2.0,0.35
1245,1.0,62.0,6,3,3,3.0,100.0,0,0,1,2.0,1.0,2.25
1246,0.0,102.0,2,2,1,1.0,1231.0,0,0,0,1.0,0.0,0.87
1247,0.0,100.0,2,2,2,1.0,565.0,0,0,0,1.0,2.0,0.41
1248,1.0,17.0,2,1,2,2.0,900.0,0,0,1,1.0,1.0,1.7
1249,0.0,107.0,4,4,3,3.0,2214.0,0,0,1,0.0,0.0,1.65
1250,1.0,12.0,3,3,1,0.0,1125.0,0,0,1,1.0,1.0,1.3
1251,0.0,115.0,2,2,2,3.0,1144.0,0,0,1,2.0,1.0,0.78
1252,0.0,99.0,3,3,2,3.0,1200.0,1,1,0,0.0,2.0,1.12
1253,0.0,31.0,2,2,2,3.0,1533.0,0,0,1,1.0,2.0,2.0
1254,0.0,99.0,3,2,3,3.0,1588.0,0,0,1,1.0,0.0,1.15
1255,0.0,95.0,3,4,2,0.0,1922.0,1,0,1,2.0,2.0,1.4
1256,0.0,73.0,2,2,2,1.0,1278.0,0,0,1,1.0,1.0,1.6
1257,1.0,53.0,3,3,3,1.0,2162.76,1,0,0,1.0,2.0,2.65
1258,0.0,105.0,3,3,2,1.0,1423.0,0,0,1,1.0,1.0,1.2
1259,0.0,84.0,3,3,3,4.0,1865.0,0,0,0,2.0,0.0,1.3
1260,0.0,111.0,3,2,2,1.0,866.0,0,0,2,1.0,0.0,0.55
1261,0.0,87.0,4,4,3,1.0,3000.0,1,0,0,0.0,0.0,5.25
1262,1.0,58.0,7,7,3,2.0,2399.48,1,1,0,2.0,1.0,4.95
1263,0.0,93.0,2,2,3,1.0,1423.0,0,0,1,1.0,2.0,1.29
1264,0.0,5.0,3,2,2,0.0,1277.0,0,0,1,2.0,2.0,0.6
1265,1.0,55.0,6,6,3,0.0,3238.76,1,1,0,2.0,2.0,10.0
1266,1.0,19.0,1,1,0,2.0,500.0,0,0,1,1.0,1.0,0.34
1267,1.0,61.0,3,3,2,0.0,3238.76,1,0,1,2.0,1.0,11.95
1268,0.0,108.0,2,2,2,3.0,1186.0,0,0,1,2.0,2.0,0.95
1269,1.0,33.0,7,7,3,0.0,3000.0,0,0,0,1.0,1.0,2.75
1270,1.0,16.0,5,5,3,3.0,2431.76,1,1,0,2.0,1.0,6.15
1271,0.0,9.0,3,4,3,3.0,1710.0,1,0,1,0.0,2.0,1.9
1272,0.0,58.0,3,3,3,3.0,2000.0,1,0,0,0.0,2.0,2.7
1273,0.0,115.0,3,2,3,3.0,1210.723472,0,0,1,1.0,1.0,0.95
1274,1.0,23.0,3,3,0,2.0,200.0,0,0,1,1.0,1.0,1.7
1275,0.0,81.0,2,2,2,1.0,1311.0,0,0,1,1.0,1.0,0.9
1276,0.0,48.0,3,3,3,3.0,1711.0,0,0,1,2.0,2.0,1.45
1277,0.0,93.0,3,4,3,4.0,1946.0,0,0,1,2.0,0.0,1.9
1278,0.0,85.0,2,2,2,1.0,1402.0,0,0,1,1.0,0.0,1.25
1279,1.0,54.0,3,3,2,3.0,2700.76,1,0,0,1.0,2.0,8.49
1280,0.0,84.0,3,5,3,3.0,1527.0,1,0,0,0.0,2.0,1.5
1281,0.0,115.0,2,2,3,3.0,1131.0,0,0,1,1.0,2.0,0.71
1282,0.0,101.0,3,3,3,3.0,2032.0,0,0,1,2.0,0.0,1.83
1283,0.0,43.0,2,2,2,1.0,1253.0,0,0,1,2.0,0.0,1.07
1284,0.0,11.0,4,4,3,3.0,2851.0,1,0,1,0.0,2.0,2.65
1285,1.0,35.0,5,6,3,0.0,4519.2,1,1,0,2.0,1.0,15.0
1286,0.0,114.0,4,3,3,3.0,1833.0,0,0,0,1.0,2.0,1.5
1287,0.0,82.0,3,3,2,3.0,1428.0,0,0,0,1.0,0.0,1.28
1288,0.0,81.0,3,3,3,4.0,2288.0,1,0,1,1.0,1.0,1.9
1289,0.0,96.0,3,3,3,3.0,1929.0,1,0,2,0.0,0.0,2.25
1290,0.0,93.0,2,2,3,1.0,1223.0,0,0,0,1.0,2.0,1.1
1291,0.0,109.0,3,2,2,3.0,1473.0,0,0,2,1.0,0.0,0.66
1292,0.0,101.0,4,4,3,0.0,1575.0,0,0,0,1.0,2.0,0.9
1293,1.0,23.0,3,3,0,3.0,1160.0,0,0,1,1.0,1.0,0.7
1294,0.0,22.0,2,2,2,1.0,1155.0,0,0,1,2.0,0.0,1.5
1295,1.0,83.0,4,5,3,2.0,3593.84,1,0,1,1.0,1.0,8.0
1296,0.0,115.0,2,2,3,3.0,1184.0,0,0,1,2.0,0.0,1.01
1297,0.0,82.0,3,3,1,3.0,1419.0,0,0,1,0.0,0.0,1.4
1298,0.0,97.0,2,2,3,3.0,1299.0,0,0,0,2.0,2.0,0.94
1299,0.0,63.0,3,3,3,3.0,2556.0,0,0,0,2.0,2.0,1.4
1300,0.0,75.0,3,3,3,1.0,3077.0,0,0,1,2.0,1.0,3.4
1301,1.0,25.0,1,1,0,2.0,2250.0,0,0,1,1.0,1.0,4.6
1302,0.0,48.0,2,2,3,1.0,625.0,0,0,1,1.0,1.0,0.65
1303,0.0,14.0,3,4,3,3.0,1837.0,1,0,1,2.0,1.0,1.8
1304,0.0,45.0,2,2,2,1.0,1338.0,0,0,1,1.0,0.0,2.2
1305,1.0,83.0,2,2,2,0.0,120.0,0,0,0,2.0,1.0,1.55
1306,0.0,93.0,3,3,2,3.0,1362.0,0,0,1,2.0,2.0,1.35
1307,0.0,102.0,3,2,2,1.0,833.0,0,0,1,1.0,1.0,0.6
1308,0.0,21.0,4,6,3,3.0,3573.33,1,0,1,2.0,0.0,5.31
1309,1.0,83.0,4,4,3,2.0,2625.44,0,0,1,1.0,1.0,3.85
1310,0.0,5.0,3,3,3,0.0,2944.0,1,0,1,1.0,2.0,1.2
1311,1.0,83.0,5,4,2,2.0,122.0,0,0,1,1.0,1.0,1.16
1312,0.0,37.0,1,1,1,2.0,995.0,0,0,0,2.0,1.0,1.0
1313,0.0,82.0,2,1,1,3.0,667.0,0,0,1,1.0,0.0,0.6
1314,0.0,78.0,2,2,3,3.0,1082.0,0,0,1,2.0,1.0,1.45
1315,0.0,67.0,3,5,3,0.0,2250.0,0,0,0,2.0,2.0,1.5
1316,0.0,108.0,4,3,3,3.0,2107.0,1,1,1,2.0,2.0,1.75
1317,1.0,24.0,1,1,0,2.0,936.0,0,0,1,1.0,1.0,0.45
1318,0.0,9.0,3,3,3,3.0,1493.0,1,0,1,0.0,2.0,1.45
1319,0.0,109.0,3,3,2,3.0,1574.0,0,0,1,1.0,1.0,0.65
1320,0.0,115.0,2,2,3,3.0,1131.0,0,0,1,2.0,2.0,0.87
1321,1.0,12.0,3,3,1,0.0,1125.0,0,0,1,1.0,1.0,1.3
1322,1.0,23.0,3,3,0,1.0,567.0,0,0,1,1.0,1.0,0.42
1323,0.0,77.0,4,4,3,3.0,1975.0,1,0,0,0.0,2.0,2.9
1324,0.0,87.0,4,5,2,0.0,2629.0,1,0,1,1.0,2.0,4.0
1325,1.0,2.0,3,2,1,0.0,822.0,0,0,1,1.0,1.0,0.5
1326,0.0,101.0,4,4,3,3.0,2600.0,1,0,1,1.0,2.0,2.09
1327,0.0,19.0,4,5,3,3.0,3000.0,1,0,1,0.0,2.0,3.4
1328,0.0,9.0,2,2,1,3.0,817.0,0,0,1,2.0,2.0,1.1
1329,0.0,65.0,3,3,3,0.0,1382.0,0,0,1,1.0,1.0,5.7
1330,0.0,15.0,3,3,2,3.0,1711.0,0,0,1,2.0,2.0,2.6
1331,1.0,59.0,4,4,3,1.0,60.0,0,0,0,1.0,2.0,1.6
1332,0.0,113.0,2,1,2,1.0,511.0,0,0,1,2.0,2.0,0.3
1333,0.0,58.0,4,4,3,0.0,3831.0,1,1,0,2.0,2.0,9.3
1334,0.0,100.0,3,3,2,1.0,1624.0,1,1,0,2.0,1.0,1.48
1335,0.0,93.0,3,3,3,3.0,1176.0,0,1,0,2.0,0.0,1.3
1336,1.0,18.0,5,3,0,0.0,1300.0,0,0,1,1.0,1.0,0.95
1337,0.0,101.0,2,2,3,3.0,1730.0,0,0,1,1.0,2.0,1.24
1338,1.0,16.0,4,4,3,3.0,5401.52,0,0,0,2.0,1.0,7.0
1339,1.0,83.0,2,2,2,2.0,160.0,0,0,1,1.0,1.0,1.95
1340,1.0,110.0,3,2,1,3.0,1152.0,0,0,1,2.0,1.0,1.3
1341,0.0,68.0,3,2,3,0.0,273.0,0,0,1,2.0,1.0,1.5
1342,0.0,89.0,2,2,3,1.0,1281.0,0,0,0,1.0,0.0,1.47
1343,1.0,16.0,4,4,3,3.0,5401.52,1,0,1,2.0,2.0,5.7
1344,0.0,105.0,2,2,2,1.0,1226.0,0,0,1,1.0,1.0,1.0
1345,1.0,79.0,4,5,3,3.0,2259.6,0,1,0,2.0,1.0,5.46
1346,0.0,4.0,4,4,3,1.0,4842.0,1,1,0,0.0,0.0,5.9
1347,1.0,52.0,3,3,3,0.0,100.0,0,1,1,1.0,1.0,2.15
1348,0.0,101.0,2,2,2,3.0,1250.0,0,0,0,0.0,2.0,0.67
1349,0.0,51.0,2,2,1,3.0,1056.0,0,0,0,1.0,2.0,0.32
1350,0.0,16.0,3,3,3,3.0,1466.0,0,0,1,0.0,2.0,1.5
1351,1.0,12.0,3,2,2,0.0,1200.0,0,0,1,1.0,1.0,0.7
1352,0.0,85.0,3,3,3,3.0,1925.0,0,0,1,2.0,1.0,1.8
1353,0.0,107.0,2,2,2,3.0,796.0,0,0,1,1.0,1.0,0.5
1354,0.0,9.0,3,3,3,3.0,1653.0,0,0,1,0.0,1.0,1.77
1355,0.0,115.0,2,2,1,3.0,508.0,0,0,0,2.0,1.0,0.27
1356,0.0,62.0,1,1,2,2.0,459.0,0,0,1,1.0,1.0,0.3
1357,0.0,38.0,2,2,2,2.0,900.0,0,0,1,2.0,1.0,0.55
1358,0.0,77.0,4,3,2,3.0,3150.0,1,0,1,1.0,1.0,3.2
1359,0.0,96.0,1,1,1,3.0,366.0,0,0,2,2.0,0.0,0.31
1360,1.0,61.0,5,6,3,0.0,3238.76,1,1,0,0.0,1.0,10.3
1361,0.0,47.0,2,2,2,3.0,833.0,0,0,1,1.0,2.0,0.42
1362,1.0,97.0,4,4,3,3.0,3238.76,1,0,0,1.0,1.0,7.0
1363,0.0,17.0,2,2,3,1.0,1086.0,0,0,1,2.0,2.0,0.9
1364,1.0,16.0,5,7,3,3.0,6230.04,1,1,1,2.0,1.0,6.25
1365,0.0,14.0,2,2,1,3.0,598.0,0,0,2,1.0,2.0,0.49
1366,0.0,77.0,3,4,3,3.0,1833.0,1,1,2,0.0,1.0,2.3
1367,0.0,63.0,5,5,3,0.0,5200.0,0,0,1,1.0,1.0,5.0
1368,1.0,53.0,9,8,3,2.0,2474.8,1,0,0,2.0,2.0,7.25
1369,0.0,21.0,2,2,3,3.0,2441.0,0,0,1,0.0,2.0,2.6
1370,0.0,91.0,3,3,3,1.0,1810.0,1,0,0,1.0,0.0,2.25
1371,1.0,35.0,4,4,3,2.0,1345.0,0,1,1,1.0,1.0,4.0
1372,0.0,81.0,2,2,3,3.0,889.0,0,0,1,1.0,0.0,1.0
1373,0.0,84.0,3,5,3,3.0,2167.0,1,0,1,0.0,2.0,1.6
1374,0.0,101.0,4,6,3,3.0,3920.0,1,0,1,0.0,2.0,2.2
1375,0.0,109.0,3,2,3,3.0,1240.0,0,0,1,2.0,0.0,0.9
1376,1.0,61.0,5,4,3,0.0,2162.76,0,1,0,2.0,1.0,7.1
1377,0.0,101.0,2,2,3,3.0,1604.0,0,0,1,1.0,0.0,1.14
1378,0.0,92.0,3,3,2,3.0,1730.0,0,0,0,2.0,2.0,0.95
1379,0.0,76.0,3,3,3,4.0,2667.0,0,0,1,2.0,1.0,3.7
1380,0.0,37.0,3,4,3,2.0,1700.0,1,0,0,2.0,2.0,2.35
1381,0.0,84.0,3,4,3,1.0,1923.0,1,0,1,2.0,0.0,1.65
1382,0.0,97.0,3,3,3,3.0,1800.0,0,0,0,0.0,1.0,1.28
1383,0.0,109.0,3,3,1,3.0,711.0,0,0,1,1.0,1.0,0.42
1384,0.0,13.0,3,3,0,3.0,2450.0,0,0,1,2.0,0.0,3.9
1385,1.0,42.0,4,4,3,2.0,1452.6,0,1,0,2.0,1.0,3.5
1386,1.0,16.0,5,6,3,3.0,7000.0,1,0,0,0.0,1.0,12.0
1387,1.0,51.0,3,4,0,0.0,1350.0,0,0,1,1.0,1.0,0.47
1388,0.0,11.0,4,5,3,3.0,7222.0,0,0,1,2.0,0.0,4.45
1389,1.0,56.0,5,5,3,0.0,1452.6,1,0,0,2.0,1.0,3.6
1390,1.0,79.0,6,7,3,0.0,3593.84,1,1,0,0.0,1.0,8.0
1391,0.0,99.0,3,3,1,0.0,1607.0,0,0,0,2.0,2.0,1.15
1392,0.0,103.0,2,2,1,1.0,120.0,0,0,1,2.0,0.0,1.15
1393,0.0,21.0,3,3,3,3.0,2225.56,1,0,0,0.0,1.0,3.29
1394,0.0,14.0,2,2,1,3.0,496.0,0,0,1,2.0,2.0,0.37
1395,0.0,9.0,2,2,1,3.0,582.0,0,1,1,2.0,2.0,0.47
1396,1.0,61.0,5,6,3,0.0,3238.76,0,0,1,2.0,1.0,12.0
1397,0.0,113.0,3,5,3,1.0,1807.0,0,0,1,1.0,2.0,1.4
1398,0.0,16.0,4,4,2,3.0,2380.0,1,0,1,2.0,0.0,2.0
1399,0.0,65.0,4,4,2,0.0,2076.0,1,0,2,2.0,2.0,6.75
1400,0.0,90.0,3,3,3,1.0,1774.0,1,0,1,2.0,1.0,1.08
1401,0.0,76.0,2,2,2,3.0,978.0,0,0,1,1.0,1.0,1.65
1402,0.0,101.0,3,4,3,3.0,2179.0,1,0,1,1.0,2.0,2.0
1403,0.0,93.0,2,2,0,3.0,1295.0,0,0,1,1.0,0.0,0.9
1404,0.0,97.0,3,5,3,3.0,2000.0,1,0,0,2.0,2.0,1.22
1405,1.0,12.0,3,2,1,3.0,80.0,0,0,1,1.0,1.0,0.65
1406,0.0,99.0,3,3,3,0.0,1489.0,0,0,1,1.0,1.0,0.95
1407,1.0,83.0,2,1,1,1.0,450.0,0,0,1,1.0,1.0,0.95
1408,0.0,22.0,3,3,3,1.0,1696.0,0,0,1,1.0,1.0,2.51
1409,1.0,83.0,10,7,3,2.0,2250.0,1,0,0,1.0,1.0,2.8
1410,0.0,101.0,4,5,3,3.0,2390.0,1,0,1,0.0,2.0,2.2
1411,1.0,30.0,4,4,3,3.0,1560.2,0,1,0,1.0,1.0,2.9
1412,0.0,48.0,4,3,3,3.0,1650.0,0,0,1,2.0,2.0,1.95
1413,0.0,93.0,3,4,3,1.0,1643.0,1,0,1,1.0,0.0,1.85
1414,0.0,85.0,2,2,3,1.0,1142.0,0,0,1,2.0,0.0,1.65
1415,1.0,34.0,9,9,3,2.0,2840.64,0,0,1,2.0,1.0,9.5
1416,0.0,111.0,2,2,1,3.0,887.0,0,0,1,2.0,1.0,0.45
1417,0.0,79.0,3,4,3,3.0,2134.0,1,0,0,0.0,0.0,3.5
1418,0.0,101.0,3,4,3,0.0,1467.0,1,0,2,2.0,2.0,1.1
1419,0.0,90.0,3,4,3,3.0,2937.0,0,0,1,1.0,2.0,3.5
1420,0.0,107.0,4,4,3,0.0,2005.0,0,0,1,1.0,2.0,1.8
1421,0.0,47.0,2,2,1,3.0,925.0,0,0,1,2.0,2.0,0.38
1422,0.0,101.0,2,2,3,3.0,1130.0,0,0,1,2.0,0.0,1.3
1423,0.0,82.0,4,4,2,3.0,1819.0,0,0,1,2.0,1.0,1.68
1424,0.0,22.0,3,3,3,1.0,2599.0,1,0,1,0.0,1.0,2.78
1425,0.0,54.0,3,3,3,2.0,1320.0,0,0,0,2.0,1.0,1.35
1426,0.0,15.0,2,3,3,3.0,978.223232,1,1,1,1.0,0.0,0.98
1427,0.0,62.0,3,4,3,0.0,1773.0,0,1,1,2.0,1.0,1.7
1428,0.0,107.0,3,3,3,3.0,1929.0,1,0,1,2.0,2.0,1.21
1429,0.0,100.0,3,3,3,3.0,1833.0,1,0,0,1.0,0.0,1.5
1430,0.0,102.0,3,4,3,0.0,1740.0,1,0,1,2.0,0.0,1.28
1431,0.0,48.0,2,2,3,3.0,1300.0,0,0,1,2.0,1.0,0.8
1432,1.0,38.0,1,1,1,3.0,480.0,0,0,1,1.0,1.0,0.37
1433,0.0,83.0,2,2,1,3.0,700.0,0,0,1,1.0,1.0,0.36
1434,1.0,78.0,4,4,3,3.0,3238.76,1,1,0,0.0,1.0,12.0
1435,0.0,109.0,4,4,2,1.0,1891.0,1,0,1,2.0,0.0,1.08
1436,1.0,51.0,3,3,2,2.0,2248.84,0,0,1,1.0,1.0,3.25
1437,0.0,67.0,3,4,3,2.0,2278.0,1,0,1,2.0,2.0,1.85
1438,0.0,16.0,3,3,3,3.0,1550.0,0,0,1,2.0,0.0,1.7
1439,0.0,22.0,4,5,3,1.0,2060.0,0,0,0,2.0,0.0,2.57
1440,1.0,25.0,5,5,2,0.0,3421.68,1,0,0,1.0,1.0,6.46
1441,0.0,9.0,3,3,3,3.0,2500.0,1,0,1,0.0,1.0,1.9
1442,1.0,34.0,6,8,3,3.0,2840.64,1,1,2,1.0,1.0,13.0
1443,0.0,107.0,3,3,3,3.0,1650.0,0,0,0,1.0,2.0,1.25
1444,0.0,107.0,3,3,3,0.0,1437.0,1,0,1,2.0,0.0,1.25
1445,0.0,10.0,3,3,3,1.0,1500.0,0,0,1,2.0,2.0,1.1
1446,0.0,11.0,4,4,3,3.0,3064.0,1,0,0,0.0,0.0,2.6
1447,0.0,77.0,2,2,3,3.0,1433.0,0,0,1,1.0,0.0,2.15
1448,1.0,30.0,4,4,3,2.0,1839.96,0,0,1,1.0,1.0,2.95
1449,1.0,63.0,9,9,3,0.0,2711.5199999999995,1,0,0,1.0,1.0,5.5
1450,1.0,58.0,4,5,3,0.0,4000.0,1,0,0,1.0,1.0,8.4
1451,1.0,16.0,4,5,2,3.0,2431.76,1,0,0,2.0,1.0,5.9
1452,0.0,79.0,1,1,1,3.0,826.0,0,0,1,1.0,0.0,1.0
1453,0.0,86.0,2,2,1,3.0,600.0,0,0,0,1.0,2.0,0.55
1454,0.0,107.0,2,2,1,1.0,575.0,0,0,1,1.0,2.0,0.4
1455,1.0,25.0,5,4,2,2.0,3238.76,0,0,1,1.0,1.0,5.5
1456,0.0,67.0,4,3,3,2.0,1900.0,0,0,0,1.0,1.0,1.59
1457,1.0,54.0,5,5,3,0.0,2700.76,1,0,0,2.0,1.0,8.5
1458,0.0,15.0,3,4,3,3.0,1500.29,1,0,1,2.0,0.0,1.7
1459,1.0,51.0,2,2,1,1.0,50.0,0,0,0,2.0,1.0,0.47
1460,0.0,11.0,2,2,2,3.0,1403.0,0,0,1,2.0,0.0,1.59
1461,0.0,101.0,2,2,3,3.0,1630.0,0,0,1,1.0,2.0,1.18
1462,0.0,48.0,4,4,3,3.0,2091.0,0,0,0,2.0,0.0,1.67
1463,0.0,105.0,2,2,2,1.0,1226.0,0,0,1,1.0,1.0,0.85
1464,0.0,16.0,3,3,3,3.0,1584.0,0,0,1,2.0,0.0,1.4
1465,0.0,113.0,3,3,3,4.0,1810.0,0,0,1,1.0,2.0,1.6
1466,0.0,105.0,3,3,3,1.0,1944.0,0,0,1,1.0,1.0,1.5
1467,0.0,82.0,4,4,2,3.0,1819.0,0,0,0,0.0,0.0,1.85
1468,0.0,5.0,2,2,0,4.0,1300.0,0,0,1,1.0,2.0,0.5
1469,1.0,37.0,4,4,3,3.0,2431.76,1,1,0,2.0,1.0,8.4
1470,0.0,78.0,3,3,3,3.0,2882.0,1,1,1,2.0,0.0,4.6
1471,0.0,43.0,3,3,3,4.0,1403.0,0,0,1,2.0,2.0,1.5
1472,0.0,108.0,4,4,3,0.0,2139.0,1,0,1,2.0,0.0,1.65
1473,1.0,1.0,2,2,0,3.0,450.0,0,0,1,1.0,1.0,0.24
1474,0.0,78.0,3,3,3,3.0,1950.0,0,0,0,2.0,0.0,2.85
1475,0.0,37.0,3,3,2,0.0,2983.0,1,0,1,1.0,2.0,6.0
1476,0.0,30.0,1,2,2,0.0,723.0,0,0,1,2.0,2.0,0.56
1477,0.0,42.0,3,2,2,0.0,1450.0,0,0,2,2.0,1.0,1.2
1478,0.0,78.0,4,4,3,3.0,3500.0,1,1,0,0.0,0.0,4.85
1479,1.0,25.0,6,4,2,2.0,1936.8,0,0,0,1.0,1.0,3.5
1480,0.0,103.0,4,4,3,1.0,1745.0,1,0,1,2.0,1.0,2.1
1481,0.0,91.0,2,2,2,1.0,1489.0,0,0,1,2.0,1.0,1.0
1482,1.0,49.0,6,6,3,2.0,1839.96,1,0,0,2.0,2.0,4.0
1483,0.0,30.0,1,1,2,0.0,723.0,0,0,1,2.0,2.0,0.56
1484,0.0,67.0,3,3,3,0.0,1719.0,0,0,0,2.0,1.0,1.45
1485,0.0,113.0,2,2,3,3.0,1430.0,0,0,1,0.0,1.0,1.02
1486,0.0,15.0,2,2,2,1.0,1250.0,0,0,0,2.0,0.0,2.4
1487,0.0,47.0,2,2,1,3.0,850.0,0,0,0,0.0,2.0,0.35
1488,0.0,48.0,3,3,3,3.0,1700.0,0,0,1,0.0,2.0,1.08
1489,0.0,77.0,2,2,3,4.0,1141.0,0,0,1,2.0,2.0,1.9
1490,0.0,99.0,3,3,2,3.0,1618.0,0,0,1,1.0,0.0,1.18
1491,0.0,77.0,3,3,3,4.0,1667.0,0,0,1,2.0,0.0,3.0
1492,0.0,30.0,2,2,3,0.0,1281.0,0,0,0,2.0,1.0,0.95
1493,0.0,19.0,4,5,3,3.0,3077.0,1,0,1,0.0,2.0,3.49
1494,0.0,31.0,3,4,3,1.0,2517.0,0,0,1,1.0,1.0,3.2
1495,0.0,82.0,2,2,1,3.0,536.0,0,0,0,2.0,2.0,0.62
1496,0.0,9.0,2,2,1,3.0,915.0,0,0,1,1.0,2.0,1.1
1497,0.0,20.0,3,4,3,3.0,2005.0,1,1,1,2.0,0.0,2.65
1498,1.0,59.0,5,4,2,2.0,3421.68,1,1,1,2.0,1.0,6.75
1499,0.0,43.0,2,2,2,1.0,1492.0,0,0,1,2.0,1.0,1.2
1500,0.0,78.0,2,3,3,3.0,1470.0,1,0,0,2.0,0.0,1.85
1501,0.0,115.0,1,1,1,3.0,386.0,0,0,1,2.0,1.0,0.25
1502,0.0,99.0,3,3,2,0.0,1700.0,1,0,1,2.0,0.0,1.25
1503,0.0,115.0,3,3,3,3.0,1509.0,0,0,1,1.0,2.0,1.3
1504,0.0,109.0,4,5,3,0.0,1717.0,1,0,1,1.0,2.0,0.95
1505,0.0,67.0,3,2,2,2.0,1275.0,0,0,1,0.0,1.0,1.35
1506,0.0,96.0,1,1,2,3.0,444.0,0,0,1,1.0,1.0,0.38
1507,0.0,14.0,3,3,3,3.0,1758.0,0,0,1,2.0,2.0,1.32
1508,0.0,82.0,4,4,2,3.0,1889.0,0,0,1,0.0,1.0,2.0
1509,1.0,56.0,4,4,3,0.0,100.0,0,1,0,1.0,1.0,2.4
1510,0.0,70.0,3,4,3,1.0,3361.0,1,0,0,1.0,0.0,5.8
1511,0.0,96.0,3,3,3,1.0,1929.0,1,0,2,0.0,2.0,2.25
1512,0.0,109.0,3,3,3,3.0,1738.0,0,0,1,1.0,1.0,1.5
1513,0.0,96.0,4,6,3,3.0,3801.0,1,0,0,1.0,0.0,4.5
1514,0.0,115.0,2,2,2,3.0,528.0,0,0,1,2.0,0.0,0.35
1515,0.0,105.0,3,3,2,1.0,1581.0,0,0,1,2.0,1.0,1.16
1516,0.0,78.0,3,2,3,3.0,1700.0,1,0,0,0.0,2.0,2.4
1517,1.0,51.0,3,2,1,1.0,684.0,0,0,1,1.0,1.0,0.7
1518,0.0,109.0,3,2,3,3.0,2350.0,0,0,1,1.0,1.0,1.1
1519,0.0,101.0,3,4,2,1.0,1616.0,1,0,1,1.0,1.0,1.45
1520,0.0,109.0,4,3,2,1.0,1983.0,0,0,1,2.0,0.0,0.95
1521,0.0,61.0,2,2,2,0.0,1330.0,0,0,0,0.0,0.0,1.14
1522,0.0,65.0,3,4,3,0.0,1607.0,1,0,2,0.0,2.0,4.85
1523,0.0,86.0,3,4,2,3.0,1577.0,1,0,2,2.0,0.0,1.25
1524,0.0,79.0,3,4,3,3.0,2016.0,1,0,0,0.0,0.0,3.4
1525,0.0,9.0,3,3,3,3.0,1388.0,1,0,1,2.0,2.0,1.3
1526,0.0,59.0,4,4,3,0.0,2157.0,1,0,1,2.0,2.0,2.9
1527,1.0,68.0,3,4,3,0.0,1624.76,1,1,0,1.0,1.0,3.75
1528,0.0,97.0,4,5,3,3.0,2195.0,1,0,1,2.0,2.0,1.6
1529,0.0,65.0,3,3,3,0.0,2250.0,0,0,0,2.0,1.0,1.59
1530,0.0,77.0,3,3,3,3.0,1650.0,1,0,1,1.0,1.0,2.55
1531,0.0,77.0,3,3,2,3.0,1650.0,1,0,1,0.0,2.0,2.35
1532,1.0,30.0,6,5,3,3.0,2431.76,1,0,1,2.0,1.0,4.95
1533,0.0,109.0,3,3,3,1.0,1281.0,0,0,1,2.0,1.0,0.58
1534,0.0,96.0,4,5,2,3.0,3017.0,1,0,0,2.0,2.0,2.91
1535,1.0,54.0,7,7,3,0.0,2033.64,1,1,1,1.0,1.0,6.25
1536,0.0,83.0,2,2,1,3.0,1000.0,0,0,1,2.0,1.0,0.54
1537,0.0,13.0,2,2,3,1.0,1120.0,0,0,1,0.0,1.0,0.87
1538,0.0,77.0,3,3,3,3.0,1493.0,1,0,0,0.0,1.0,2.35
1539,0.0,54.0,4,4,2,2.0,2667.0,1,0,0,1.0,1.0,6.0
1540,0.0,109.0,2,2,1,3.0,657.0,0,0,0,1.0,2.0,0.42
1541,0.0,30.0,3,3,3,2.0,1611.0,0,0,2,2.0,2.0,1.4
1542,0.0,115.0,3,3,3,3.0,1281.0,0,0,1,0.0,1.0,0.7
1543,0.0,107.0,4,4,3,3.0,2139.0,1,0,1,2.0,1.0,1.55
1544,0.0,91.0,3,3,3,3.0,1600.0,0,0,1,1.0,2.0,1.05
1545,0.0,114.0,4,3,3,2.0,2007.0,1,0,0,1.0,1.0,1.25
1546,1.0,61.0,4,4,3,2.0,4500.0,1,0,0,2.0,1.0,7.45
1547,0.0,81.0,2,2,2,3.0,1250.0,0,0,0,1.0,0.0,1.02
1548,0.0,43.0,3,2,3,1.0,1409.0,0,0,1,1.0,0.0,1.3
1549,0.0,115.0,2,2,1,3.0,535.0,0,0,1,2.0,2.0,0.26
1550,0.0,115.0,2,2,2,3.0,1016.0,0,0,2,2.0,0.0,0.88
1551,0.0,107.0,4,4,3,3.0,3030.0,1,0,0,2.0,2.0,1.99
1552,0.0,47.0,3,3,3,1.0,1400.0,0,0,1,1.0,2.0,1.26
1553,0.0,65.0,4,6,3,0.0,2715.0,1,1,0,2.0,0.0,7.0
1554,0.0,109.0,3,2,3,3.0,1091.0,0,0,1,1.0,1.0,0.99
1555,0.0,44.0,3,2,3,1.0,1201.0,0,0,1,1.0,1.0,0.82
1556,0.0,43.0,3,3,3,1.0,1444.0,0,0,0,1.0,2.0,1.55
1557,0.0,82.0,3,3,2,3.0,1428.0,0,0,1,2.0,0.0,1.4
1558,0.0,5.0,4,4,3,0.0,2233.0,0,0,1,1.0,2.0,0.9
1559,1.0,54.0,9,9,3,3.0,2700.76,1,0,2,1.0,1.0,7.85
1560,0.0,113.0,3,3,0,1.0,1997.0,0,0,1,1.0,0.0,1.3
1561,1.0,58.0,4,4,3,2.0,3238.76,1,0,0,1.0,1.0,8.4
1562,0.0,87.0,3,3,3,0.0,2986.0,1,0,1,2.0,1.0,3.25
1563,0.0,99.0,2,2,3,3.0,1300.0,0,0,0,2.0,2.0,0.95
1564,0.0,115.0,2,2,2,1.0,605.0,0,0,1,2.0,2.0,0.3
1565,0.0,105.0,3,3,0,4.0,1910.0,0,0,1,2.0,0.0,0.9
1566,0.0,50.0,3,4,3,2.0,2222.0,1,0,2,1.0,1.0,1.75
1567,0.0,11.0,3,4,3,3.0,2061.0,1,0,1,2.0,2.0,2.6
1568,1.0,42.0,5,5,3,0.0,1839.96,0,1,0,2.0,1.0,4.25
1569,0.0,101.0,4,4,3,3.0,2600.0,1,0,1,1.0,2.0,2.1
1570,0.0,102.0,2,2,1,3.0,668.0,0,0,1,2.0,1.0,0.41
1571,0.0,99.0,4,4,3,3.0,2167.0,1,0,1,1.0,2.0,1.4
1572,0.0,107.0,3,3,3,3.0,1700.0,1,0,1,2.0,0.0,1.25
1573,0.0,92.0,3,3,3,2.0,2176.0,1,0,1,2.0,2.0,1.1
1574,0.0,22.0,4,4,3,4.0,2060.0,0,0,1,2.0,0.0,2.37
1575,0.0,22.0,2,2,3,3.0,1424.0,0,0,1,2.0,2.0,1.75
1576,0.0,64.0,4,4,3,3.0,2477.0,0,0,1,1.0,0.0,7.4
1577,0.0,100.0,3,3,3,1.0,1561.0,0,0,1,2.0,2.0,0.84
1578,0.0,37.0,3,3,2,2.0,1608.0,1,0,1,2.0,0.0,2.35
1579,1.0,49.0,3,2,3,0.0,1452.6,0,1,0,2.0,1.0,3.5
1580,1.0,87.0,5,5,3,3.0,3653.0,1,0,0,1.0,0.0,3.09
1581,0.0,102.0,3,3,1,3.0,1746.0,0,0,0,1.0,2.0,1.72
1582,1.0,61.0,5,5,3,0.0,3238.76,0,0,1,1.0,1.0,11.29
1583,0.0,16.0,3,2,3,3.0,1477.0,0,0,1,2.0,0.0,1.35
1584,0.0,33.0,3,4,3,2.0,3700.0,1,0,2,2.0,2.0,5.8
1585,1.0,16.0,4,5,3,3.0,5401.52,1,1,1,0.0,1.0,5.7
1586,0.0,81.0,2,2,2,1.0,1460.0,0,0,1,1.0,2.0,1.32
1587,1.0,65.0,9,9,3,3.0,60.0,1,0,2,1.0,0.0,2.0
1588,0.0,111.0,2,2,3,1.0,1250.0,0,0,1,1.0,2.0,0.6
1589,1.0,30.0,3,3,2,2.0,1560.2,0,0,1,1.0,1.0,2.55
1590,0.0,109.0,2,2,3,0.0,905.0,0,0,1,1.0,1.0,0.5
1591,1.0,79.0,3,3,3,0.0,278.0,0,0,1,1.0,1.0,1.85
1592,0.0,9.0,3,4,3,3.0,1186.0,1,0,0,1.0,0.0,2.2
1593,0.0,67.0,3,4,3,2.0,1900.0,1,0,0,2.0,2.0,1.54
1594,0.0,13.0,4,5,3,3.0,1535.0,1,0,1,1.0,0.0,1.32
1595,0.0,43.0,3,4,3,1.0,129.42,1,0,1,2.0,1.0,1.62
1596,1.0,44.0,3,1,0,1.0,1081.0,0,0,1,1.0,1.0,0.75
1597,0.0,23.0,3,4,2,2.0,2000.0,1,0,0,1.0,1.0,1.15
1598,0.0,86.0,2,2,2,0.0,1086.0,0,0,1,1.0,2.0,0.82
1599,0.0,115.0,1,1,1,1.0,474.042156,0,0,1,2.0,1.0,0.2
1600,0.0,111.0,4,3,3,3.0,2824.0,1,0,1,1.0,2.0,1.1
1601,0.0,77.0,3,3,3,4.0,1828.0,0,0,1,2.0,0.0,3.0
1602,0.0,20.0,1,1,1,3.0,374.0,0,0,2,2.0,1.0,0.5
1603,0.0,92.0,3,3,2,0.0,2045.0,0,0,2,1.0,2.0,1.2
1604,0.0,21.0,3,5,3,3.0,3405.0,1,0,0,1.0,2.0,4.75
1605,0.0,73.0,3,4,3,1.0,1174.0,1,0,1,0.0,0.0,3.9
1606,0.0,107.0,2,3,2,3.0,1502.0,0,0,0,1.0,2.0,0.7
1607,0.0,109.0,3,4,2,3.0,1475.0,0,0,1,2.0,1.0,1.7
1608,0.0,82.0,3,3,2,3.0,1428.0,0,0,1,2.0,2.0,1.4
1609,0.0,67.0,1,1,1,2.0,672.0,0,0,0,2.0,1.0,0.47
1610,0.0,37.0,4,5,3,0.0,3406.0,1,0,0,1.0,2.0,5.5
1611,0.0,100.0,3,3,3,3.0,1833.0,1,0,1,2.0,0.0,0.9
1612,1.0,48.0,1,1,0,3.0,1535.0,0,0,1,1.0,1.0,1.16
1613,0.0,79.0,3,3,2,3.0,200.0,0,0,1,1.0,1.0,1.2
1614,0.0,82.0,3,3,2,3.0,1428.0,0,0,1,1.0,1.0,1.7
1615,0.0,101.0,2,2,3,3.0,1400.0,0,0,1,1.0,0.0,1.4
1616,0.0,113.0,3,5,3,3.0,1750.0,1,0,1,1.0,1.0,1.08
1617,1.0,55.0,5,8,3,3.0,4500.0,1,1,2,0.0,1.0,17.0
1618,0.0,20.0,3,4,3,4.0,2104.0,1,0,1,1.0,0.0,1.65
1619,0.0,107.0,4,4,3,3.0,2005.0,0,0,1,1.0,1.0,1.75
1620,0.0,80.0,3,3,3,1.0,1551.0,1,1,0,0.0,2.0,1.8
1621,1.0,16.0,4,5,3,0.0,6230.04,0,0,1,2.0,1.0,6.0
1622,1.0,57.0,7,6,3,0.0,1732.36,0,0,2,2.0,2.0,4.6
1623,0.0,64.0,3,4,3,2.0,2683.0,0,0,1,2.0,1.0,6.5
1624,0.0,47.0,3,3,3,3.0,1595.0,0,0,1,1.0,1.0,1.27
1625,0.0,79.0,3,3,3,3.0,2095.0,1,0,0,0.0,0.0,2.87
1626,1.0,83.0,4,4,2,2.0,345.0,0,1,1,1.0,1.0,2.43
1627,0.0,40.0,2,2,1,3.0,570.0,0,0,2,1.0,1.0,0.22
1628,0.0,93.0,2,2,3,1.0,1700.0,0,0,2,1.0,2.0,0.83
1629,0.0,101.0,2,2,2,3.0,1934.0,0,0,0,1.0,0.0,1.25
1630,0.0,82.0,3,3,3,3.0,1640.0,0,0,1,1.0,0.0,2.07
1631,1.0,35.0,5,5,3,2.0,3238.76,1,1,0,2.0,1.0,12.5
1632,0.0,79.0,3,3,3,3.0,2047.0,0,0,0,0.0,1.0,2.65
1633,0.0,105.0,2,2,2,4.0,1441.0,0,0,1,1.0,2.0,0.8
1634,0.0,86.0,1,1,0,1.0,683.0,0,0,1,2.0,2.0,0.9
1635,0.0,82.0,3,3,2,3.0,1428.0,0,0,1,2.0,1.0,1.4
1636,1.0,58.0,4,4,2,3.0,2334.92,1,0,0,1.0,1.0,5.5
1637,0.0,9.0,2,2,3,3.0,1238.0,0,0,1,1.0,1.0,1.41
1638,0.0,48.0,3,3,3,3.0,1692.0,0,0,1,1.0,0.0,1.5
1639,0.0,105.0,2,2,3,1.0,1233.0,0,0,1,2.0,1.0,1.0
1640,0.0,82.0,3,3,2,3.0,1428.0,0,0,0,0.0,2.0,1.55
1641,1.0,54.0,1,1,0,2.0,1936.8,0,0,1,1.0,1.0,5.5
1642,0.0,100.0,2,2,1,3.0,532.0,0,0,1,2.0,2.0,0.37
1643,0.0,43.0,2,2,2,3.0,724.0,0,0,2,1.0,1.0,0.4
1644,0.0,43.0,3,2,3,1.0,1409.0,0,0,1,1.0,0.0,1.35
1645,0.0,107.0,3,3,3,3.0,1630.0,0,0,0,2.0,0.0,1.17
1646,0.0,9.0,3,4,3,3.0,1757.0,1,0,0,2.0,0.0,1.75
1647,0.0,105.0,3,2,3,0.0,1403.0,0,1,0,2.0,2.0,1.55
1648,0.0,5.0,3,3,3,0.0,1900.0,1,0,1,2.0,1.0,0.86
1649,0.0,111.0,2,2,0,1.0,990.0,0,0,1,1.0,2.0,0.46
1650,0.0,58.0,3,4,3,0.0,2574.0,0,0,1,1.0,1.0,2.75
1651,0.0,111.0,3,4,3,1.0,1964.0,1,0,1,1.0,2.0,2.0
1652,0.0,108.0,3,3,3,3.0,2578.0,0,0,2,1.0,1.0,1.8
1653,0.0,107.0,4,4,3,3.0,2468.0,1,0,1,2.0,0.0,1.75
1654,0.0,93.0,2,2,2,3.0,1556.0,1,1,2,2.0,2.0,1.4
1655,0.0,115.0,2,2,3,0.0,1100.0,0,0,0,0.0,2.0,0.9
1656,1.0,65.0,4,4,3,0.0,1452.6,1,0,0,1.0,1.0,3.75
1657,1.0,59.0,5,4,2,1.0,4500.0,0,0,1,1.0,1.0,6.75
1658,1.0,23.0,5,5,2,2.0,1350.0,0,0,1,1.0,1.0,2.0
1659,0.0,5.0,2,2,3,0.0,993.0,0,0,1,2.0,2.0,0.48
1660,0.0,87.0,4,4,3,1.0,4000.0,1,1,0,0.0,1.0,5.0
1661,0.0,47.0,2,2,3,0.0,1068.1,0,0,0,2.0,1.0,0.78
1662,0.0,101.0,2,2,3,3.0,1380.0,0,1,1,2.0,0.0,1.2
1663,1.0,53.0,1,1,0,0.0,1200.0,0,0,1,1.0,1.0,1.65
1664,0.0,105.0,2,2,2,1.0,1226.0,1,0,1,1.0,2.0,0.95
1665,0.0,38.0,2,2,2,4.0,1604.0,0,0,1,1.0,2.0,1.3
1666,1.0,38.0,2,2,1,0.0,810.0,0,0,1,1.0,1.0,0.55
1667,0.0,45.0,2,2,2,3.0,1479.0,0,0,1,2.0,0.0,2.3
1668,1.0,49.0,6,6,3,0.0,1839.96,1,0,1,1.0,1.0,3.9
1669,1.0,23.0,1,1,2,2.0,2000.0,0,0,1,1.0,1.0,1.7
1670,0.0,13.0,2,2,3,3.0,940.0,0,0,1,0.0,1.0,0.92
1671,0.0,65.0,4,5,3,3.0,3444.0,1,0,1,1.0,2.0,11.0
1672,0.0,13.0,1,1,1,3.0,567.0,0,0,1,2.0,2.0,0.39
1673,0.0,9.0,3,3,3,3.0,1315.0,1,0,0,2.0,2.0,1.3
1674,0.0,19.0,3,3,3,3.0,1550.0,0,0,0,2.0,2.0,1.4
1675,0.0,86.0,4,4,3,0.0,2127.0,1,0,1,2.0,2.0,1.3
1676,1.0,55.0,5,4,2,0.0,3238.76,1,0,0,1.0,1.0,8.5
1677,1.0,58.0,4,4,2,0.0,3238.76,1,1,1,2.0,1.0,8.5
1678,1.0,67.0,8,8,3,0.0,2722.28,0,0,0,1.0,1.0,7.25
1679,0.0,22.0,3,2,2,1.0,1429.0,0,0,1,1.0,2.0,1.85
1680,0.0,109.0,3,2,2,3.0,1473.0,0,0,1,1.0,1.0,0.8
1681,0.0,31.0,3,5,3,1.0,2796.0,1,0,1,2.0,2.0,4.63
1682,0.0,4.0,4,5,3,1.0,5249.0,1,0,1,0.0,0.0,5.5
1683,0.0,96.0,2,2,3,3.0,1223.0,0,0,0,2.0,2.0,0.88
1684,1.0,85.0,4,4,3,3.0,5500.0,1,1,1,2.0,1.0,4.02
1685,0.0,82.0,3,3,1,3.0,1392.0,0,0,0,2.0,0.0,1.3
1686,0.0,47.0,3,3,3,3.0,1647.0,0,0,1,1.0,2.0,1.2
1687,0.0,107.0,3,3,3,3.0,1929.0,1,0,1,2.0,2.0,1.25
1688,1.0,68.0,3,3,3,0.0,1603.24,0,1,0,2.0,1.0,4.75
1689,0.0,93.0,2,2,3,3.0,1450.0,0,0,1,2.0,2.0,0.9
1690,1.0,105.0,3,3,2,4.0,1423.0,0,0,1,1.0,1.0,1.25
1691,0.0,22.0,3,4,3,3.0,1940.0,1,0,1,1.0,2.0,2.4
1692,0.0,93.0,2,2,3,3.0,1423.0,0,0,1,0.0,1.0,1.34
1693,1.0,106.0,2,3,0,0.0,900.0,0,0,1,1.0,1.0,1.65
1694,0.0,84.0,2,2,2,3.0,1500.0,0,0,1,2.0,2.0,1.15
1695,0.0,82.0,4,6,3,3.0,2817.0,1,0,1,0.0,0.0,3.1
1696,0.0,82.0,3,3,2,3.0,1428.0,0,0,0,1.0,0.0,1.36
1697,0.0,101.0,2,2,3,3.0,1638.0,0,1,1,0.0,2.0,1.09
1698,0.0,5.0,4,6,3,3.0,2611.0,1,0,1,1.0,2.0,1.6
1699,0.0,87.0,4,4,3,3.0,2941.0,1,0,0,0.0,1.0,4.25
1700,1.0,5.0,3,1,0,0.0,1337.4,0,0,1,1.0,1.0,2.0
1701,1.0,51.0,1,1,1,0.0,70.0,0,0,1,1.0,1.0,0.65
1702,0.0,107.0,2,2,3,1.0,1224.0,0,0,1,2.0,2.0,0.7
1703,1.0,43.0,6,6,3,0.0,4938.84,0,0,0,1.0,1.0,9.5
1704,0.0,47.0,2,2,1,3.0,850.0,0,0,0,0.0,1.0,0.33
1705,0.0,89.0,2,2,3,3.0,1582.0,0,0,1,2.0,0.0,1.78
1706,1.0,63.0,6,5,3,0.0,3131.16,0,0,1,1.0,2.0,8.0
1707,0.0,113.0,2,2,1,1.0,600.0,0,0,1,1.0,2.0,0.3
1708,1.0,88.0,5,8,3,3.0,9000.0,1,1,2,2.0,1.0,17.0
1709,0.0,79.0,3,4,3,0.0,1751.0,1,0,0,0.0,0.0,2.35
1710,1.0,30.0,8,9,3,1.0,7198.44,1,0,1,2.0,1.0,19.5
1711,1.0,35.0,5,5,2,0.0,4519.2,1,0,0,2.0,1.0,13.5
1712,0.0,93.0,3,4,3,1.0,1659.0,1,0,1,2.0,2.0,1.7
1713,0.0,112.0,3,4,3,1.0,2516.0,1,0,0,0.0,1.0,2.45
1714,0.0,61.0,3,4,3,0.0,1870.0,1,0,0,0.0,2.0,1.8
1715,1.0,11.0,2,2,1,1.0,795.0,0,0,1,1.0,1.0,0.48
1716,0.0,105.0,2,2,2,0.0,1032.0,0,0,1,1.0,2.0,0.75
1717,1.0,98.0,5,6,3,3.0,5140.0,0,0,1,2.0,2.0,3.85
1718,0.0,89.0,2,2,3,3.0,1300.0,0,1,1,0.0,0.0,1.48
1719,1.0,61.0,5,6,0,0.0,3240.0,0,0,1,1.0,1.0,11.5
1720,0.0,100.0,3,3,3,3.0,1652.0,0,0,1,2.0,1.0,0.92
1721,1.0,51.0,2,1,1,0.0,75.0,0,0,1,1.0,1.0,0.55
1722,0.0,44.0,3,2,3,4.0,978.0,0,0,1,1.0,1.0,0.72
1723,0.0,96.0,3,3,3,2.0,1989.0,0,0,1,2.0,2.0,1.35
1724,0.0,115.0,2,2,3,3.0,978.0,0,0,1,1.0,0.0,0.66
1725,0.0,4.0,2,2,2,4.0,1130.0,0,0,1,2.0,2.0,1.38
1726,0.0,58.0,4,4,3,0.0,2134.0,1,0,0,0.0,0.0,2.65
1727,0.0,21.0,2,3,2,3.0,2441.0,1,0,1,2.0,2.0,2.8
1728,0.0,101.0,3,3,3,3.0,2129.0,1,0,1,1.0,0.0,2.6
1729,1.0,80.0,4,4,2,1.0,300.0,0,0,0,2.0,2.0,1.83
1730,0.0,112.0,2,2,2,1.0,733.0,0,0,1,2.0,2.0,0.4
1731,0.0,109.0,2,2,1,1.0,646.0,0,0,0,1.0,2.0,0.45
1732,0.0,105.0,3,2,3,1.0,1550.0,0,0,1,1.0,2.0,1.1
1733,0.0,90.0,4,6,3,1.0,2398.0,1,0,1,2.0,2.0,1.46
1734,0.0,65.0,3,3,3,0.0,1700.0,0,0,0,2.0,2.0,1.5
1735,0.0,11.0,2,2,3,3.0,1611.0,0,0,1,2.0,0.0,0.85
1736,0.0,14.0,3,3,3,3.0,1554.0,0,0,0,0.0,2.0,1.3
1737,0.0,77.0,3,3,3,3.0,1650.0,1,0,1,0.0,1.0,2.35
1738,0.0,78.0,3,4,3,3.0,2200.0,0,0,1,1.0,1.0,3.9
1739,0.0,14.0,2,2,3,3.0,1281.0,0,0,0,0.0,2.0,0.98
1740,1.0,61.0,5,5,3,0.0,3238.76,1,0,1,1.0,1.0,10.55
1741,0.0,9.0,3,3,3,3.0,2099.0,0,1,1,1.0,2.0,1.9
1742,0.0,111.0,1,1,1,1.0,308.0,0,0,1,1.0,1.0,0.22
1743,0.0,109.0,3,2,2,1.0,1298.0,0,0,1,2.0,1.0,0.75
1744,0.0,14.0,3,3,3,3.0,1750.0,0,0,0,1.0,2.0,1.2
1745,0.0,105.0,3,3,3,1.0,867.0,0,0,1,1.0,1.0,1.32
1746,0.0,10.0,3,3,3,3.0,1671.0,0,0,1,0.0,2.0,1.33
1747,0.0,20.0,2,2,1,3.0,1338.0,0,0,1,2.0,2.0,0.96
1748,1.0,42.0,2,2,2,0.0,1420.32,0,0,1,1.0,1.0,4.6
1749,0.0,96.0,3,4,3,3.0,2511.0,1,0,1,2.0,2.0,2.35
1750,0.0,67.0,1,2,1,2.0,678.0,0,0,1,2.0,1.0,0.55
1751,0.0,98.0,3,3,3,3.0,1893.0,1,0,2,0.0,0.0,2.2
1752,0.0,107.0,4,5,2,3.0,2330.0,1,0,1,0.0,2.0,1.25
1753,0.0,109.0,4,3,3,0.0,1770.0,0,0,1,2.0,2.0,0.95
1754,0.0,82.0,3,3,1,4.0,1210.0,1,0,1,2.0,2.0,0.74
1755,0.0,107.0,3,4,3,3.0,1765.0,1,0,1,0.0,2.0,0.9
1756,0.0,102.0,3,3,1,3.0,1747.0,0,0,2,2.0,2.0,2.2
1757,1.0,30.0,4,4,3,0.0,2431.76,1,1,1,1.0,1.0,4.99
1758,0.0,100.0,3,3,3,3.0,1652.0,0,0,1,2.0,0.0,0.88
1759,0.0,93.0,2,2,3,3.0,1172.0,0,0,1,1.0,0.0,0.78
1760,0.0,73.0,3,3,2,1.0,1778.0,0,0,1,1.0,1.0,2.2
1761,1.0,23.0,5,5,3,0.0,2000.0,0,0,1,1.0,1.0,1.7
1762,1.0,2.0,3,3,1,3.0,62.0,0,0,1,1.0,1.0,0.6
1763,0.0,11.0,1,1,2,3.0,301.0,0,0,1,2.0,1.0,0.26
1764,0.0,98.0,4,5,3,3.0,2110.0,1,0,2,0.0,2.0,2.95
1765,0.0,48.0,2,2,2,3.0,1242.0,0,0,1,2.0,2.0,1.1
1766,0.0,96.0,2,2,1,3.0,547.0,0,0,0,1.0,0.0,0.48
1767,0.0,11.0,3,2,3,3.0,1607.0,0,0,0,2.0,0.0,1.2
1768,0.0,107.0,3,3,3,3.0,1817.0,1,0,1,0.0,0.0,1.29
1769,0.0,16.0,3,3,2,0.0,1910.0,1,0,1,2.0,1.0,1.8
1770,0.0,113.0,2,2,1,3.0,538.0,0,0,1,1.0,2.0,0.27
1771,0.0,107.0,4,5,2,1.0,2248.0,1,0,1,2.0,2.0,1.27
1772,0.0,86.0,3,3,3,3.0,1344.0,0,0,0,1.0,1.0,1.0
1773,0.0,15.0,3,4,2,1.0,2003.0,0,0,1,2.0,2.0,2.9
1774,0.0,54.0,3,4,2,2.0,2125.0,0,0,1,1.0,2.0,4.2
1775,0.0,54.0,3,4,3,0.0,2222.0,1,0,0,1.0,2.0,2.75
1776,0.0,112.0,2,2,2,3.0,784.0,0,1,1,1.0,0.0,0.72
1777,0.0,82.0,3,3,2,3.0,1428.0,0,0,0,0.0,1.0,1.46
1778,0.0,107.0,2,2,1,1.0,650.0,0,0,1,1.0,2.0,0.5
1779,0.0,67.0,4,4,3,3.0,2500.0,0,0,0,2.0,2.0,2.05
1780,0.0,65.0,3,3,3,0.0,2100.0,1,0,0,2.0,2.0,1.75
1781,0.0,48.0,4,3,3,3.0,2091.0,0,0,0,2.0,2.0,1.65
1782,0.0,9.0,3,4,3,1.0,1945.0,1,0,0,2.0,0.0,2.5
1783,0.0,61.0,3,3,3,2.0,2357.0,1,0,0,2.0,0.0,3.0
1784,0.0,101.0,2,2,2,3.0,1190.0,1,1,1,2.0,2.0,1.2
1785,0.0,54.0,4,4,3,2.0,2801.0,0,0,1,1.0,0.0,5.8
1786,0.0,84.0,3,4,3,3.0,1765.0,1,1,1,2.0,0.0,1.65
1787,1.0,51.0,3,3,2,2.0,2248.84,0,0,1,1.0,1.0,3.2
1788,1.0,34.0,4,4,2,2.0,3583.08,1,0,0,2.0,1.0,10.5
1789,0.0,101.0,2,2,3,3.0,1475.0,0,0,1,1.0,2.0,1.09
1790,0.0,95.0,1,1,1,3.0,761.0,0,0,1,2.0,0.0,0.85
1791,0.0,103.0,3,3,3,1.0,1652.0,0,0,1,2.0,0.0,1.65
1792,0.0,59.0,5,6,3,3.0,3219.0,1,0,1,1.0,0.0,4.21
1793,0.0,80.0,4,4,3,1.0,1991.0,0,0,0,2.0,1.0,1.9
1794,1.0,23.0,5,5,1,2.0,2052.0,0,0,1,1.0,1.0,1.35
1795,1.0,94.0,4,3,3,0.0,100.0,0,0,1,1.0,1.0,0.82
1796,1.0,37.0,4,5,3,3.0,2840.64,1,1,0,2.0,2.0,12.0
1797,0.0,48.0,3,3,2,3.0,1163.0,0,0,1,1.0,2.0,1.0
1798,0.0,19.0,5,5,3,3.0,3511.0,1,0,1,2.0,2.0,4.25
1799,0.0,110.0,2,2,2,3.0,661.0,0,0,1,1.0,2.0,0.38
1800,1.0,109.0,4,5,0,3.0,2360.0,0,0,1,1.0,0.0,1.8
1801,1.0,34.0,9,9,3,3.0,1936.8,1,0,0,0.0,2.0,7.5
1802,0.0,82.0,3,3,1,3.0,1291.0,0,0,1,2.0,0.0,1.36
1803,0.0,96.0,2,2,3,3.0,1361.0,0,0,0,2.0,0.0,0.64
1804,0.0,22.0,2,2,0,1.0,1310.0,0,0,1,2.0,2.0,1.83
1805,1.0,54.0,9,9,3,0.0,3507.76,1,0,1,1.0,2.0,14.0
1806,0.0,14.0,3,2,2,3.0,717.0,0,0,1,1.0,2.0,0.52
1807,1.0,21.0,5,5,3,3.0,7450.0,1,0,1,1.0,1.0,9.5
1808,0.0,111.0,1,1,1,3.0,407.0,0,0,1,2.0,1.0,0.2
1809,0.0,91.0,3,4,3,3.0,1310.0,1,0,1,1.0,1.0,1.25
1810,0.0,9.0,2,2,2,3.0,1100.0,0,0,1,2.0,2.0,1.24
1811,0.0,82.0,4,4,2,1.0,1819.0,0,0,1,2.0,2.0,1.7
1812,0.0,76.0,3,3,3,4.0,1350.0,0,0,1,1.0,1.0,3.5
1813,0.0,109.0,2,2,2,3.0,1109.0,0,0,1,2.0,1.0,0.49
1814,0.0,78.0,3,4,3,0.0,2200.0,1,0,0,2.0,1.0,3.98
1815,0.0,115.0,3,2,3,3.0,1210.0,0,0,1,2.0,2.0,0.87
1816,0.0,9.0,2,2,3,3.0,1100.0,0,0,1,1.0,2.0,1.28
1817,1.0,85.0,4,4,3,0.0,2603.92,1,1,1,2.0,1.0,4.6
1818,0.0,9.0,3,3,3,3.0,1315.0,0,0,1,1.0,2.0,1.6
1819,0.0,73.0,2,2,2,4.0,1333.0,0,0,1,1.0,1.0,1.65
1820,0.0,89.0,3,3,3,3.0,1900.0,0,0,1,0.0,2.0,2.25
1821,0.0,102.0,2,3,3,3.0,944.0,0,0,0,1.0,2.0,1.3
1822,0.0,14.0,2,2,3,1.0,1236.0,0,0,1,2.0,0.0,0.8
1823,0.0,37.0,4,3,2,0.0,2488.0,1,0,1,1.0,2.0,7.0
1824,0.0,109.0,3,4,3,3.0,1804.0,1,0,0,0.0,0.0,1.68
1825,1.0,109.0,4,4,3,3.0,5000.0,0,0,1,1.0,1.0,2.75
1826,0.0,80.0,2,2,2,3.0,1500.0,0,1,0,1.0,2.0,1.5
1827,0.0,26.0,3,3,3,0.0,1611.0,0,0,1,2.0,1.0,1.6
1828,0.0,48.0,3,3,3,3.0,1639.0,0,0,1,2.0,2.0,1.45
1829,0.0,74.0,4,4,3,3.0,4200.0,1,0,0,2.0,0.0,7.56
1830,0.0,11.0,3,4,3,3.0,2303.0,1,0,0,0.0,2.0,2.25
1831,0.0,58.0,3,4,3,0.0,4778.0,0,0,1,2.0,0.0,5.0
1832,0.0,102.0,3,3,3,0.0,1747.0,1,0,1,2.0,2.0,1.26
1833,0.0,84.0,3,4,3,3.0,1527.0,1,0,0,1.0,2.0,1.65
1834,0.0,30.0,4,4,3,1.0,5000.0,0,0,1,2.0,1.0,3.35
1835,0.0,22.0,3,3,3,3.0,2014.0,0,0,1,2.0,2.0,2.45
1836,0.0,47.0,2,3,3,3.0,1442.0,0,0,1,1.0,2.0,0.85
1837,0.0,84.0,2,2,2,3.0,991.0,0,0,1,1.0,2.0,0.53
1838,0.0,54.0,4,4,3,0.0,2712.0,1,0,1,1.0,2.0,6.2
1839,0.0,79.0,3,3,3,0.0,1406.0,0,0,1,1.0,1.0,1.0
1840,0.0,101.0,2,2,3,3.0,1660.0,0,0,1,1.0,0.0,1.2
1841,0.0,102.0,3,3,3,0.0,1747.0,1,0,0,0.0,0.0,1.3
1842,0.0,101.0,3,4,3,3.0,1390.0,1,0,0,1.0,2.0,0.8
1843,0.0,16.0,3,3,3,3.0,1550.0,0,0,1,2.0,0.0,1.7
1844,0.0,115.0,1,1,2,1.0,360.0,0,0,1,2.0,1.0,0.24
1845,0.0,113.0,2,2,3,3.0,1390.0,0,0,1,1.0,1.0,1.05
1846,0.0,84.0,3,5,3,1.0,1527.0,1,0,1,1.0,2.0,1.75
1847,0.0,48.0,3,2,1,4.0,1900.0,1,0,1,2.0,2.0,1.2
1848,0.0,32.0,2,2,1,0.0,995.0,0,0,0,1.0,1.0,0.55
1849,1.0,30.0,4,5,2,2.0,5200.0,0,0,1,1.0,1.0,5.2
1850,0.0,5.0,3,3,3,0.0,2070.0,1,0,1,1.0,2.0,0.9
1851,1.0,35.0,6,8,3,3.0,12222.0,1,1,0,2.0,2.0,18.4
1852,0.0,77.0,3,4,3,3.0,2803.0,1,0,1,1.0,1.0,5.5
1853,0.0,109.0,3,2,3,0.0,1333.0,0,0,0,1.0,2.0,0.6
1854,0.0,71.0,2,2,0,3.0,790.0,0,0,0,1.0,1.0,0.6
1855,0.0,37.0,2,2,3,0.0,1050.0,0,0,0,0.0,0.0,1.24
1856,0.0,109.0,3,4,3,3.0,1805.0,1,0,1,1.0,2.0,1.55
1857,0.0,3.0,3,3,3,4.0,1940.0,1,0,1,1.0,2.0,1.2
1858,0.0,102.0,3,3,1,3.0,1750.0,0,0,0,0.0,0.0,1.58
1859,0.0,85.0,3,3,3,3.0,1600.0,0,0,1,2.0,0.0,1.82
1860,0.0,101.0,2,2,3,3.0,1263.0,0,0,1,2.0,0.0,1.15
1861,0.0,77.0,3,3,3,0.0,2506.0,1,0,2,1.0,0.0,5.3
1862,0.0,101.0,4,6,3,3.0,3890.0,1,0,1,0.0,2.0,1.91
1863,0.0,93.0,2,2,3,3.0,1325.0,0,0,1,1.0,2.0,1.12
1864,0.0,22.0,2,2,3,1.0,1276.0,0,0,1,0.0,1.0,1.55
1865,0.0,105.0,2,2,3,1.0,1103.0,0,0,1,1.0,1.0,0.97
1866,1.0,97.0,3,3,3,1.0,2162.76,1,0,1,1.0,1.0,4.7
1867,0.0,61.0,4,3,3,0.0,3982.0,1,0,1,1.0,2.0,6.0
1868,0.0,14.0,2,2,2,3.0,543.0,0,0,1,1.0,2.0,0.28
1869,1.0,54.0,3,3,1,0.0,1076.0,0,0,1,1.0,1.0,2.75
1870,0.0,96.0,2,2,2,3.0,1260.0,0,0,0,0.0,0.0,0.95
1871,0.0,85.0,3,3,3,1.0,1900.0,1,0,1,0.0,2.0,1.69
1872,0.0,87.0,4,4,3,1.0,4000.0,1,0,0,0.0,1.0,6.75
1873,0.0,85.0,2,2,3,1.0,1400.0,0,0,1,2.0,2.0,1.18
1874,1.0,0.0,4,6,1,3.0,62.0,0,0,1,1.0,1.0,1.6
1875,0.0,104.0,2,2,3,1.0,1350.0,0,0,1,1.0,1.0,0.92
1876,0.0,109.0,2,2,2,1.0,1498.0,0,0,1,1.0,2.0,0.62
1877,1.0,44.0,2,2,3,1.0,823.0,0,0,1,1.0,2.0,0.66
1878,0.0,73.0,3,3,3,0.0,1595.0,1,0,0,0.0,0.0,2.04
1879,1.0,56.0,4,4,2,3.0,1624.76,0,0,0,1.0,1.0,3.5
1880,0.0,107.0,2,2,1,4.0,767.0,0,0,1,1.0,2.0,0.38
1881,0.0,62.0,4,4,3,3.0,2300.0,0,0,1,2.0,1.0,2.1
1882,1.0,35.0,4,3,2,3.0,1796.92,0,1,1,1.0,1.0,5.8
1883,1.0,60.0,5,4,2,2.0,2367.2,0,0,1,1.0,1.0,3.5
1884,1.0,38.0,1,1,0,2.0,1000.0,0,0,1,1.0,1.0,0.6
1885,0.0,73.0,2,2,2,1.0,1278.0,0,0,1,1.0,1.0,1.58
1886,0.0,66.0,3,3,2,0.0,1700.0,0,0,0,1.0,2.0,1.44
1887,0.0,107.0,3,4,3,1.0,1765.0,1,0,1,2.0,2.0,1.0
1888,0.0,59.0,3,4,3,0.0,2252.0,1,0,0,2.0,1.0,2.64
1889,1.0,57.0,9,9,3,3.0,4650.0,1,0,0,2.0,2.0,5.25
1890,0.0,115.0,1,1,1,3.0,378.0,0,0,1,2.0,0.0,0.24
1891,1.0,1.0,3,2,1,3.0,128.0,0,0,1,1.0,1.0,0.44
1892,0.0,93.0,4,5,2,1.0,2675.0,1,0,1,1.0,2.0,2.55
1893,0.0,78.0,3,4,2,3.0,1800.0,1,0,0,0.0,0.0,2.1
1894,0.0,113.0,3,3,3,3.0,1790.0,1,0,1,1.0,1.0,1.16
1895,1.0,57.0,9,9,3,3.0,1936.8,0,1,0,2.0,1.0,5.15
1896,0.0,5.0,3,4,2,3.0,1670.0,1,0,1,1.0,2.0,1.2
1897,0.0,85.0,3,3,3,3.0,1600.0,1,0,1,1.0,2.0,1.55
1898,0.0,17.0,3,3,3,0.0,1833.0,0,0,1,1.0,1.0,1.1
1899,0.0,115.0,2,2,1,1.0,699.0,0,0,1,1.0,1.0,0.34
1900,0.0,107.0,3,3,3,3.0,1557.0,0,0,1,2.0,0.0,1.25
1901,0.0,105.0,3,3,2,1.0,1581.0,0,0,1,1.0,1.0,1.25
1902,0.0,82.0,3,3,2,3.0,1392.0,0,0,0,0.0,0.0,1.31
1903,1.0,65.0,4,4,3,1.0,2840.64,1,0,1,2.0,2.0,3.51
1904,1.0,34.0,5,5,3,0.0,1796.92,1,0,0,2.0,1.0,6.25
1905,1.0,16.0,5,6,3,3.0,3593.84,1,1,0,2.0,1.0,9.4
1906,0.0,109.0,3,3,3,3.0,1700.0,1,0,1,1.0,2.0,0.72
1907,1.0,34.0,5,6,3,0.0,2700.76,1,1,1,2.0,1.0,10.55
1908,0.0,101.0,4,5,3,3.0,2017.0,1,0,0,2.0,2.0,1.49
1909,1.0,30.0,5,5,2,2.0,4550.0,0,0,2,2.0,1.0,5.7
1910,0.0,115.0,2,2,1,3.0,650.0,0,0,1,1.0,0.0,0.42
1911,0.0,65.0,3,3,3,2.0,2119.0,1,0,1,2.0,2.0,3.85
1912,0.0,67.0,1,1,1,0.0,543.0,0,0,1,1.0,1.0,0.6
1913,0.0,102.0,4,4,3,0.0,2139.0,1,0,1,2.0,0.0,1.54
1914,0.0,11.0,4,4,3,3.0,2953.0,1,0,0,0.0,0.0,2.63
1915,0.0,115.0,2,2,2,3.0,711.0,0,0,1,1.0,2.0,0.3
1916,0.0,16.0,3,2,3,3.0,1701.0,0,0,1,2.0,2.0,1.26
1917,1.0,58.0,4,4,3,3.0,3152.68,1,1,0,0.0,1.0,8.25
1918,0.0,96.0,3,3,0,3.0,1780.0,0,0,1,1.0,2.0,0.9
1919,0.0,107.0,4,4,3,0.0,2468.0,0,0,1,2.0,0.0,1.8
1920,0.0,22.0,3,3,2,4.0,1429.0,0,0,1,2.0,2.0,1.93
1921,0.0,101.0,2,2,3,3.0,1464.0,0,1,1,2.0,1.0,1.1
1922,0.0,91.0,3,4,3,1.0,1600.0,1,0,0,2.0,0.0,2.1
1923,0.0,59.0,3,3,3,2.0,1633.0,0,0,0,2.0,1.0,1.95
1924,0.0,20.0,4,5,3,0.0,2670.0,1,0,1,2.0,0.0,3.65
1925,0.0,107.0,4,4,3,0.0,2139.0,1,1,1,1.0,2.0,1.42
1926,0.0,90.0,3,3,2,3.0,1628.0,0,0,1,2.0,1.0,1.92
1927,0.0,79.0,1,1,0,3.0,610.0,0,0,1,1.0,1.0,0.8
1928,0.0,99.0,3,3,2,3.0,1575.0,0,1,0,0.0,1.0,1.0
1929,0.0,84.0,6,7,3,3.0,5333.0,1,0,1,2.0,1.0,5.0
1930,0.0,47.0,2,3,3,3.0,1300.0,0,0,1,2.0,2.0,0.87
1931,0.0,43.0,2,2,2,1.0,1533.0,0,0,1,2.0,0.0,1.1
1932,0.0,16.0,3,4,3,1.0,2339.0,1,0,1,2.0,2.0,2.3
1933,0.0,47.0,3,3,3,3.0,1845.0,1,0,1,1.0,1.0,1.43
1934,0.0,74.0,1,1,0,3.0,639.0,0,0,1,1.0,1.0,0.9
1935,0.0,61.0,3,3,3,3.0,1894.0,0,0,0,2.0,0.0,2.5
1936,1.0,35.0,7,9,3,0.0,8995.36,1,1,2,2.0,1.0,31.5
1937,0.0,105.0,3,3,3,3.0,1923.0,1,0,1,2.0,2.0,1.5
1938,0.0,85.0,2,2,3,1.0,1400.0,0,0,1,2.0,2.0,1.15
1939,1.0,58.0,4,6,3,2.0,3238.76,1,0,1,1.0,1.0,8.5
1940,0.0,82.0,4,5,3,3.0,2910.0,0,0,1,1.0,0.0,3.25
1941,0.0,115.0,2,2,3,4.0,1050.0,0,0,1,2.0,2.0,0.95
1942,0.0,115.0,2,2,2,3.0,789.0,0,0,2,1.0,2.0,0.45
1943,0.0,115.0,2,2,2,3.0,556.0,0,0,1,1.0,2.0,0.35
1944,0.0,9.0,3,4,3,3.0,1700.0,1,0,0,0.0,2.0,1.7
1945,0.0,93.0,3,3,2,3.0,1212.0,0,0,0,0.0,1.0,1.25
1946,0.0,15.0,2,2,2,3.0,1235.0,0,0,0,0.0,2.0,0.65
1947,0.0,99.0,3,3,3,1.0,1162.0,0,0,0,1.0,2.0,0.75
1948,1.0,32.0,4,4,3,3.0,2500.0,1,0,0,1.0,1.0,2.9
1949,0.0,81.0,3,3,3,3.0,1845.0,0,0,0,2.0,0.0,1.78
1950,0.0,5.0,3,2,2,0.0,1502.0,0,0,1,1.0,2.0,0.75
1951,0.0,82.0,3,3,2,3.0,1428.0,0,0,1,2.0,2.0,1.55
1952,0.0,100.0,2,2,1,3.0,528.0,0,0,1,1.0,2.0,0.35
1953,0.0,59.0,5,5,3,0.0,3724.0,1,0,1,1.0,0.0,4.52
1954,0.0,115.0,2,2,2,1.0,616.0,0,0,1,2.0,0.0,0.35
1955,1.0,40.0,4,3,2,2.0,1070.0,0,0,1,1.0,1.0,0.95
1956,0.0,69.0,2,2,1,3.0,1528.0,0,0,0,1.0,2.0,2.2
1957,0.0,82.0,3,3,2,3.0,1381.0,0,0,1,0.0,1.0,1.44
1958,1.0,54.0,6,6,3,3.0,1936.8,1,0,0,1.0,1.0,5.8
1959,0.0,115.0,2,2,2,3.0,720.0,0,0,1,1.0,1.0,0.39
1960,0.0,99.0,3,3,2,3.0,1972.0,0,0,0,2.0,1.0,1.42
1961,0.0,47.0,2,3,3,1.0,1428.0,0,0,1,1.0,2.0,0.87
1962,0.0,113.0,2,2,2,1.0,1133.0,0,0,1,1.0,1.0,0.85
1963,0.0,101.0,3,4,2,3.0,1650.0,1,0,1,1.0,2.0,1.2
1964,0.0,108.0,2,2,2,3.0,1148.0,0,1,1,2.0,2.0,0.87
1965,0.0,77.0,3,3,3,3.0,1081.0,1,0,0,2.0,2.0,1.75
1966,1.0,16.0,5,5,2,3.0,2431.76,1,0,1,2.0,1.0,6.2
1967,1.0,73.0,3,3,3,4.0,1549.0,0,0,1,2.0,2.0,2.01
1968,1.0,40.0,1,1,0,0.0,1500.0,0,0,1,1.0,1.0,1.0
1969,0.0,61.0,3,4,3,2.0,2819.0,1,0,0,2.0,2.0,3.25
1970,0.0,105.0,2,2,2,4.0,1103.0,0,0,1,1.0,2.0,1.05
1971,1.0,43.0,6,7,3,3.0,4949.599999999999,1,1,0,2.0,1.0,9.55
1972,0.0,91.0,2,2,2,3.0,1126.0,0,0,1,2.0,1.0,0.99
1973,0.0,115.0,2,2,1,1.0,699.0,0,0,1,2.0,1.0,0.35
1974,0.0,100.0,2,2,3,3.0,1361.0,0,0,0,1.0,2.0,1.15
1975,0.0,84.0,3,5,3,3.0,1527.0,1,0,1,2.0,2.0,1.66
1976,0.0,114.0,3,3,3,2.0,1433.0,0,0,1,1.0,2.0,0.75
1977,0.0,80.0,3,3,2,1.0,1346.0,0,1,0,2.0,1.0,1.6
1978,0.0,109.0,2,2,3,3.0,846.0,0,0,1,1.0,1.0,0.78
1979,0.0,10.0,2,2,0,3.0,750.0,0,0,1,1.0,2.0,0.5
1980,0.0,10.0,3,3,3,3.0,1725.0,1,1,0,1.0,0.0,1.34
1981,0.0,99.0,3,3,3,3.0,1674.0,1,1,0,0.0,2.0,1.6
1982,0.0,65.0,3,3,3,0.0,1900.0,1,0,0,2.0,1.0,1.55
1983,0.0,9.0,3,3,3,3.0,1676.0,0,0,1,2.0,2.0,1.95
1984,0.0,16.0,3,3,3,3.0,1550.0,0,0,1,2.0,2.0,1.6
1985,0.0,9.0,3,3,3,3.0,1315.0,1,0,0,2.0,2.0,1.52
1986,0.0,51.0,2,2,1,3.0,833.0,0,0,0,1.0,1.0,0.42
1987,0.0,115.0,3,3,3,3.0,1599.0,0,0,1,0.0,1.0,0.91
1988,0.0,48.0,3,3,3,3.0,1990.0,0,0,1,2.0,2.0,1.1
1989,0.0,43.0,3,3,3,1.0,2667.0,1,1,1,2.0,1.0,3.3
1990,0.0,85.0,3,3,3,3.0,1946.0,0,1,0,2.0,1.0,2.3
1991,0.0,108.0,4,4,3,0.0,2468.0,1,0,1,2.0,0.0,2.0
1992,0.0,75.0,3,3,3,1.0,2034.0,0,0,0,1.0,1.0,3.35
1993,0.0,9.0,2,2,2,3.0,1100.0,0,0,1,2.0,2.0,1.26
1994,0.0,92.0,3,3,3,0.0,1969.0,1,0,1,1.0,2.0,1.15
1995,0.0,9.0,3,3,3,3.0,1456.0,0,1,1,2.0,1.0,2.0
1996,0.0,111.0,1,1,1,1.0,344.0,0,0,1,1.0,2.0,0.25
1997,1.0,5.0,8,8,0,1.0,1782.0,0,0,1,1.0,1.0,1.1
1998,1.0,25.0,5,5,1,3.0,2778.0,0,0,1,1.0,1.0,4.5
1999,0.0,67.0,3,3,3,0.0,2200.0,0,0,1,1.0,2.0,1.7
2000,0.0,78.0,3,4,3,3.0,2000.0,1,0,0,2.0,2.0,3.45
2001,0.0,78.0,5,5,3,1.0,3321.0,1,0,1,2.0,0.0,4.5
2002,1.0,16.0,4,4,3,1.0,6230.04,1,0,1,2.0,1.0,6.75
2003,0.0,47.0,1,1,0,3.0,669.0,0,0,1,1.0,2.0,0.55
2004,0.0,109.0,4,3,3,1.0,1765.0,0,0,1,1.0,0.0,0.95
2005,0.0,82.0,3,3,1,3.0,1419.0,0,0,1,2.0,0.0,1.32
2006,0.0,65.0,4,5,3,0.0,3000.0,1,0,2,0.0,0.0,10.0
2007,1.0,106.0,3,3,2,2.0,2367.2,0,0,0,1.0,1.0,3.2
2008,0.0,74.0,4,6,3,3.0,3932.0,1,1,0,2.0,0.0,9.14
2009,0.0,107.0,3,3,3,3.0,1500.0,0,0,1,2.0,1.0,1.27
2010,0.0,111.0,2,2,1,3.0,610.0,0,0,0,2.0,2.0,0.31
2011,0.0,81.0,2,2,2,1.0,1180.0,0,0,1,1.0,2.0,0.84
2012,0.0,82.0,4,4,2,3.0,1819.0,0,0,0,2.0,2.0,1.75
2013,0.0,16.0,3,4,3,3.0,2339.0,1,0,1,2.0,0.0,2.25
2014,0.0,86.0,3,3,3,3.0,1466.0,0,0,0,1.0,2.0,1.2
2015,0.0,89.0,2,2,1,1.0,1556.0,0,0,1,1.0,2.0,1.5
2016,0.0,97.0,4,5,3,3.0,2535.0,0,0,1,2.0,1.0,1.75
2017,1.0,43.0,6,5,3,3.0,4497.68,0,0,1,1.0,2.0,8.0
2018,0.0,115.0,2,2,3,3.0,1131.0,0,0,1,0.0,0.0,0.96
2019,0.0,96.0,3,3,3,3.0,1617.0,1,0,2,1.0,0.0,2.3
2020,0.0,43.0,4,4,3,1.0,2000.0,1,0,1,1.0,2.0,2.3
2021,0.0,79.0,3,4,3,3.0,2490.0,1,0,0,2.0,0.0,3.65
2022,0.0,47.0,2,2,2,1.0,667.0,0,0,1,1.0,2.0,0.4
2023,1.0,85.0,5,4,3,1.0,2603.92,1,0,0,1.0,1.0,5.25
2024,0.0,14.0,3,4,3,3.0,2057.0,1,0,0,0.0,2.0,1.39
2025,0.0,111.0,2,2,1,3.0,563.0,0,0,2,1.0,2.0,0.32
2026,1.0,61.0,6,5,3,0.0,3077.36,1,0,0,1.0,2.0,12.5
2027,1.0,119.0,2,2,1,0.0,556.0,0,0,1,1.0,1.0,0.35
2028,0.0,19.0,5,5,2,3.0,3500.0,1,0,1,0.0,2.0,4.1
2029,0.0,85.0,3,3,3,3.0,1788.0,1,0,1,1.0,2.0,1.51
2030,0.0,14.0,2,2,1,3.0,496.0,0,0,1,1.0,2.0,0.36
2031,0.0,115.0,2,2,3,3.0,1154.0,0,0,1,0.0,2.0,0.71
2032,1.0,61.0,5,5,3,0.0,3238.76,1,0,1,1.0,1.0,10.56
2033,0.0,89.0,2,2,2,1.0,1289.0,0,0,0,0.0,0.0,1.4
2034,0.0,13.0,4,6,3,3.0,2131.0,1,0,1,2.0,2.0,2.1
2035,0.0,58.0,3,3,3,0.0,1493.0,0,1,2,0.0,1.0,1.42
2036,0.0,25.0,4,4,0,2.0,3250.0,0,0,1,1.0,2.0,4.26
2037,0.0,84.0,4,5,3,0.0,2114.0,1,0,0,2.0,2.0,2.1
2038,0.0,4.0,5,6,3,3.0,9050.0,1,0,1,1.0,0.0,7.5
2039,0.0,98.0,3,3,3,3.0,1668.0,0,0,2,0.0,2.0,1.59
2040,0.0,115.0,2,2,2,1.0,640.0,0,0,1,2.0,2.0,0.26
2041,0.0,77.0,2,2,3,1.0,1015.0,0,0,1,1.0,2.0,2.1
2042,0.0,115.0,2,2,2,3.0,762.0,0,0,1,2.0,2.0,0.4
2043,0.0,109.0,3,2,2,3.0,1261.0,0,0,1,1.0,0.0,0.85
2044,0.0,92.0,1,2,2,4.0,823.0,0,0,1,1.0,0.0,1.2
2045,1.0,75.0,3,3,2,1.0,2385.0,0,0,1,1.0,1.0,1.5
2046,0.0,111.0,3,2,2,1.0,811.0,0,0,0,2.0,0.0,0.55
2047,1.0,51.0,3,3,0,0.0,117.0,0,0,1,1.0,1.0,0.7
2048,0.0,107.0,2,2,3,1.0,1224.0,0,0,1,2.0,2.0,0.7
2049,1.0,83.0,5,4,2,0.0,1102.0,0,0,1,1.0,1.0,1.16
2050,0.0,69.0,3,4,3,2.0,2164.0,1,0,0,1.0,2.0,4.0
2051,0.0,13.0,5,6,3,4.0,3797.0,0,0,0,2.0,2.0,6.3
2052,1.0,43.0,5,7,3,4.0,4497.68,1,1,1,2.0,1.0,9.5
2053,1.0,119.0,3,3,0,0.0,1000.0,0,0,1,1.0,1.0,0.74
2054,0.0,101.0,3,4,2,3.0,1616.0,1,0,1,2.0,2.0,1.38
2055,0.0,31.0,4,5,3,1.0,3333.0,1,0,0,1.0,2.0,6.16
2056,0.0,16.0,3,3,3,3.0,1466.0,0,1,1,2.0,2.0,1.4
2057,0.0,59.0,3,3,3,3.0,2030.0,0,0,1,1.0,0.0,2.35
2058,1.0,55.0,6,4,3,2.0,2474.8,1,1,0,2.0,1.0,7.35
2059,0.0,75.0,4,4,0,1.0,3950.0,0,0,1,2.0,0.0,8.5
2060,0.0,14.0,2,2,1,3.0,577.0,0,0,0,2.0,2.0,0.4
2061,0.0,82.0,3,3,2,3.0,1510.0,0,0,1,0.0,1.0,1.68
2062,0.0,111.0,1,1,1,1.0,422.0,0,0,1,1.0,2.0,0.26
2063,0.0,73.0,3,3,3,3.0,1592.0,0,0,0,1.0,0.0,2.1
2064,0.0,81.0,2,2,3,1.0,938.0,0,0,1,1.0,2.0,1.25
2065,0.0,75.0,4,4,3,1.0,3956.0,0,0,1,2.0,0.0,7.52
2066,0.0,85.0,3,3,2,3.0,1300.0,0,0,1,1.0,1.0,1.25
2067,0.0,77.0,2,2,3,3.0,1592.0,0,0,1,1.0,2.0,2.25
2068,1.0,34.0,10,10,3,2.0,3152.68,0,0,0,2.0,1.0,9.0
2069,0.0,20.0,4,5,3,3.0,2670.0,1,0,1,2.0,2.0,3.45
2070,0.0,23.0,3,3,1,1.0,1167.0,0,0,0,1.0,1.0,0.65
2071,0.0,84.0,4,5,3,0.0,2169.0,1,0,0,0.0,2.0,2.0
2072,1.0,35.0,3,3,2,2.0,1345.0,0,0,0,2.0,1.0,4.5
2073,0.0,100.0,3,2,3,1.0,1222.0,0,0,0,2.0,2.0,0.94
2074,0.0,84.0,3,3,2,3.0,2167.0,0,0,1,2.0,2.0,1.65
2075,1.0,34.0,5,5,3,2.0,2700.76,1,1,1,2.0,1.0,9.0
2076,0.0,47.0,2,3,3,3.0,1442.0,0,0,1,1.0,2.0,0.86
2077,0.0,15.0,4,5,3,3.0,2343.0,0,0,1,2.0,0.0,3.95
2078,0.0,84.0,3,5,3,3.0,1527.0,1,0,1,1.0,0.0,1.63
2079,0.0,10.0,2,2,3,3.0,1080.0,0,0,0,0.0,2.0,1.15
2080,0.0,115.0,2,2,3,1.0,822.0,0,0,1,2.0,1.0,0.65
2081,0.0,65.0,3,4,3,0.0,1900.0,1,0,0,2.0,2.0,1.75
2082,0.0,54.0,3,2,3,2.0,1674.0,0,0,1,1.0,2.0,2.5
2083,0.0,47.0,3,3,3,3.0,1563.0,0,0,1,1.0,1.0,1.25
2084,1.0,18.0,4,3,2,2.0,1800.0,0,0,1,1.0,1.0,2.2
2085,0.0,25.0,3,4,3,2.0,1956.0,0,0,1,1.0,1.0,2.2
2086,0.0,11.0,3,3,3,3.0,1529.0,0,0,1,1.0,1.0,1.75
2087,0.0,91.0,3,3,3,1.0,1600.0,1,0,0,1.0,1.0,1.79
2088,0.0,114.0,4,3,3,2.0,2007.0,1,0,1,1.0,1.0,1.25
2089,0.0,101.0,2,2,3,1.0,1200.0,1,1,0,0.0,2.0,1.08
2090,0.0,48.0,3,2,3,4.0,1538.0,0,0,1,1.0,0.0,1.02
2091,0.0,109.0,3,2,2,1.0,1175.0,0,0,1,1.0,0.0,0.79
2092,1.0,56.0,8,8,3,0.0,2388.72,0,0,0,1.0,1.0,5.5
2093,0.0,67.0,3,2,3,2.0,1585.0,0,1,1,2.0,2.0,1.7
2094,0.0,98.0,4,4,3,4.0,3902.0,1,1,0,2.0,2.0,2.91
2095,0.0,91.0,3,3,3,3.0,1822.0,0,0,1,1.0,0.0,1.2
2096,0.0,96.0,2,2,2,0.0,985.0,0,0,1,2.0,0.0,0.65
2097,0.0,96.0,3,3,2,3.0,1700.0,1,0,2,0.0,0.0,2.5
2098,0.0,101.0,2,2,3,3.0,1484.0,0,0,1,2.0,0.0,1.07
2099,0.0,42.0,2,2,2,2.0,1200.0,0,0,1,1.0,1.0,1.25
2100,0.0,67.0,3,3,3,3.0,1900.0,1,0,0,2.0,2.0,1.5
2101,1.0,59.0,6,6,3,0.0,2883.68,1,1,2,2.0,1.0,4.4
2102,0.0,73.0,2,2,2,3.0,1533.0,1,0,1,2.0,0.0,1.6
2103,0.0,92.0,3,3,2,0.0,1900.0,1,0,1,2.0,1.0,0.9
2104,0.0,71.0,3,2,2,0.0,111.0,0,0,1,2.0,1.0,0.48
2105,0.0,15.0,3,4,2,3.0,2003.0,0,0,1,1.0,0.0,2.95
2106,0.0,48.0,2,2,3,1.0,644.0,0,0,1,2.0,2.0,0.68
2107,0.0,9.0,3,3,3,3.0,1315.0,1,0,1,0.0,2.0,1.45
2108,0.0,115.0,2,2,3,4.0,1222.0,0,0,1,2.0,2.0,0.78
2109,0.0,48.0,4,3,3,3.0,1808.0,0,0,0,1.0,0.0,1.79
2110,0.0,9.0,2,2,2,3.0,915.0,0,0,1,1.0,0.0,0.95
2111,0.0,16.0,3,4,3,3.0,1797.0,1,0,1,2.0,2.0,1.45
2112,1.0,34.0,9,9,3,2.0,3593.84,1,1,1,2.0,1.0,10.75
2113,0.0,20.0,1,1,1,3.0,450.0,0,0,1,1.0,2.0,0.36
2114,0.0,73.0,3,4,3,1.0,2250.0,1,0,1,2.0,0.0,3.87
2115,0.0,82.0,4,4,2,3.0,1819.0,0,0,1,2.0,1.0,1.68
2116,1.0,54.0,1,1,0,0.0,1650.0,0,0,1,1.0,1.0,2.15
2117,0.0,77.0,2,2,3,1.0,1433.0,0,0,1,1.0,2.0,2.65
2118,0.0,48.0,3,5,3,4.0,1833.0,1,0,1,1.0,0.0,1.0
2119,0.0,14.0,2,2,2,1.0,615.0,0,0,1,1.0,2.0,0.37
2120,1.0,19.0,3,2,2,2.0,120.0,0,0,1,1.0,1.0,1.0
2121,1.0,57.0,6,4,2,0.0,1463.36,0,0,1,1.0,1.0,4.3
2122,0.0,10.0,2,2,0,3.0,1450.0,0,0,1,2.0,2.0,0.8
2123,0.0,63.0,3,3,3,3.0,1800.0,0,0,0,2.0,2.0,1.45
2124,0.0,11.0,3,4,3,3.0,2359.0,1,0,0,0.0,2.0,2.23
2125,0.0,105.0,2,2,3,1.0,1228.0,0,0,1,1.0,1.0,0.88
2126,0.0,115.0,2,2,1,1.0,615.0,0,0,1,1.0,2.0,0.4
2127,1.0,79.0,5,3,2,1.0,200.0,0,0,1,1.0,1.0,1.5
2128,1.0,68.0,5,6,3,2.0,3432.44,1,1,1,1.0,2.0,8.31
2129,0.0,30.0,3,4,3,0.0,1738.0,1,0,1,2.0,0.0,1.59
2130,0.0,84.0,2,2,3,3.0,1222.0,0,0,1,1.0,1.0,1.23
2131,0.0,9.0,3,4,3,3.0,1710.0,1,0,1,1.0,0.0,1.8
2132,0.0,115.0,2,2,3,1.0,676.0,0,0,1,1.0,2.0,0.54
2133,1.0,33.0,3,3,1,2.0,60.0,0,0,1,1.0,1.0,1.45
2134,0.0,67.0,4,4,3,3.0,2900.0,0,0,0,2.0,1.0,2.45
2135,1.0,97.0,4,4,3,3.0,3238.76,1,1,1,1.0,1.0,5.0
2136,0.0,67.0,3,3,3,0.0,1810.0,1,0,0,1.0,2.0,1.55
2137,0.0,105.0,3,3,3,1.0,1423.0,0,0,1,2.0,2.0,1.33
2138,0.0,115.0,2,2,1,3.0,535.0,0,0,1,2.0,1.0,0.25
2139,1.0,68.0,4,3,3,0.0,1667.8,1,1,1,0.0,1.0,3.3
2140,1.0,78.0,5,6,3,3.0,4497.68,1,1,2,0.0,1.0,18.0
2141,0.0,5.0,3,3,3,0.0,1900.0,1,0,1,1.0,2.0,0.9
2142,0.0,77.0,3,3,3,0.0,3043.0,0,0,2,1.0,2.0,5.9
2143,0.0,99.0,3,3,3,3.0,1387.0,1,0,0,0.0,0.0,1.3
2144,0.0,77.0,3,3,3,3.0,1833.0,1,0,1,1.0,1.0,2.24
2145,1.0,34.0,5,3,2,2.0,1345.0,0,1,1,1.0,1.0,4.5
2146,1.0,34.0,6,6,1,3.0,2840.64,0,1,0,2.0,1.0,10.85
2147,0.0,10.0,2,2,3,3.0,1338.0,0,1,0,0.0,2.0,1.01
2148,0.0,107.0,3,3,3,3.0,1566.0,0,0,1,2.0,2.0,1.13
2149,0.0,57.0,4,4,3,0.0,2857.0,0,1,0,2.0,2.0,1.8
2150,0.0,86.0,2,2,1,3.0,557.0,0,0,1,2.0,2.0,0.6
2151,0.0,115.0,2,2,1,3.0,577.0,0,0,1,1.0,2.0,0.29
2152,0.0,15.0,3,3,3,3.0,2116.0,1,0,1,2.0,0.0,2.0
2153,1.0,59.0,8,8,3,0.0,2883.68,1,1,2,0.0,1.0,4.5
2154,0.0,115.0,3,3,3,3.0,1382.0,0,0,1,0.0,2.0,1.14
2155,0.0,115.0,2,2,0,3.0,567.0,0,0,1,1.0,2.0,0.3
2156,0.0,31.0,3,3,3,1.0,2069.0,0,0,2,2.0,1.0,4.1
2157,0.0,101.0,4,4,3,3.0,2600.0,0,0,1,1.0,2.0,2.13
2158,0.0,9.0,2,2,3,3.0,1009.0,0,1,1,2.0,1.0,1.3
2159,0.0,96.0,2,2,1,3.0,586.0,0,0,1,1.0,0.0,0.4
2160,1.0,16.0,4,4,3,1.0,2431.76,1,0,1,2.0,1.0,5.5
2161,0.0,9.0,2,2,2,3.0,742.0,0,0,1,0.0,2.0,0.97
2162,0.0,30.0,2,2,1,3.0,1100.0,0,0,1,2.0,1.0,0.95
2163,0.0,99.0,3,2,2,0.0,1600.0,0,0,0,2.0,1.0,1.05
2164,1.0,85.0,2,3,3,1.0,1319.0,0,0,1,0.0,1.0,0.92
2165,0.0,115.0,2,2,1,1.0,743.0,0,0,1,1.0,2.0,0.2
2166,0.0,93.0,3,4,3,1.0,2152.0,1,0,1,1.0,1.0,2.69
2167,0.0,58.0,5,5,3,2.0,3305.0,1,0,1,2.0,2.0,3.3
2168,0.0,5.0,3,3,3,2.0,1900.0,1,0,2,1.0,1.0,0.9
2169,0.0,16.0,3,4,3,3.0,1946.0,1,0,1,2.0,2.0,1.75
2170,0.0,80.0,3,3,2,4.0,1346.0,0,0,1,1.0,2.0,2.0
2171,0.0,71.0,2,2,2,0.0,944.0,0,0,1,1.0,1.0,0.38
2172,0.0,19.0,4,4,3,3.0,3077.0,1,0,1,2.0,0.0,3.25
2173,0.0,109.0,3,3,3,0.0,1571.0,0,0,1,1.0,1.0,0.65
2174,0.0,115.0,2,2,1,1.0,1000.0,0,0,1,1.0,0.0,0.32
2175,0.0,96.0,3,4,3,1.0,1900.0,1,0,2,0.0,0.0,2.26
2176,1.0,106.0,9,9,3,3.0,2603.92,0,0,1,1.0,1.0,3.5
2177,0.0,48.0,4,3,3,3.0,2000.0,0,0,0,2.0,2.0,1.6
2178,0.0,77.0,4,4,3,3.0,1975.0,1,0,1,2.0,2.0,3.5
2179,0.0,58.0,3,3,3,2.0,2200.0,1,0,0,2.0,2.0,1.75
2180,0.0,102.0,3,2,3,3.0,1480.0,0,0,2,2.0,2.0,1.45
2181,0.0,101.0,4,4,3,1.0,3151.0,0,0,1,1.0,0.0,2.7
2182,0.0,15.0,3,4,2,3.0,2003.0,0,0,1,2.0,0.0,2.9
2183,0.0,115.0,2,2,2,3.0,516.0,0,0,1,1.0,2.0,0.3
2184,1.0,79.0,6,7,3,0.0,3593.84,1,0,0,1.0,0.0,8.0
2185,0.0,12.0,3,2,1,3.0,1056.0,0,0,0,1.0,1.0,0.45
2186,0.0,92.0,3,2,2,0.0,1472.0,0,0,1,2.0,2.0,0.8
2187,1.0,36.0,5,5,3,3.0,1463.36,1,0,0,1.0,1.0,4.25
2188,0.0,97.0,3,3,3,3.0,1955.0,1,0,0,2.0,0.0,1.39
2189,1.0,30.0,6,6,2,2.0,3611.0,0,0,1,1.0,1.0,5.0
2190,0.0,19.0,4,5,3,3.0,3077.0,1,1,1,2.0,1.0,3.4
2191,1.0,51.0,5,5,1,2.0,5067.96,1,0,0,1.0,1.0,4.75
2192,0.0,73.0,3,3,3,1.0,1137.0,0,0,1,1.0,1.0,1.9
2193,0.0,115.0,2,2,2,3.0,1275.0,0,0,1,1.0,2.0,0.9
2194,0.0,103.0,2,2,1,1.0,695.0,0,0,1,1.0,2.0,0.45
2195,0.0,73.0,3,3,2,1.0,1721.0,0,0,1,0.0,2.0,2.2
2196,0.0,87.0,3,3,3,0.0,2308.0,1,0,1,1.0,2.0,4.1
2197,0.0,58.0,3,3,3,2.0,1600.0,0,0,0,2.0,1.0,1.5
2198,0.0,73.0,2,2,2,4.0,1244.0,0,0,1,2.0,2.0,1.7
2199,0.0,43.0,3,3,3,4.0,1619.0,0,0,1,1.0,0.0,1.7
2200,0.0,18.0,2,2,0,3.0,699.0,0,0,1,1.0,0.0,0.36
2201,0.0,111.0,2,2,3,1.0,896.0,0,0,1,1.0,0.0,0.56
2202,0.0,48.0,4,3,3,3.0,2100.0,0,0,0,2.0,0.0,1.55
2203,0.0,93.0,2,2,3,3.0,1383.0,0,0,1,1.0,1.0,1.25
2204,0.0,10.0,2,2,2,3.0,1222.0,0,0,1,1.0,1.0,0.9
2205,0.0,109.0,4,4,3,1.0,1828.0,0,0,1,1.0,0.0,1.0
2206,0.0,57.0,3,4,2,2.0,2544.0,0,0,0,1.0,1.0,2.45
2207,0.0,107.0,4,4,3,0.0,2139.0,1,0,0,2.0,0.0,1.65
2208,0.0,8.0,3,3,0,0.0,2200.0,0,0,1,1.0,2.0,0.85
2209,0.0,51.0,3,2,2,1.0,1500.0,0,0,0,1.0,1.0,1.05
2210,0.0,80.0,3,3,3,1.0,1584.0,0,0,1,1.0,0.0,2.0
2211,0.0,75.0,4,4,3,1.0,3150.0,0,0,0,2.0,1.0,4.49
2212,0.0,105.0,3,3,3,1.0,1774.0,0,0,1,2.0,2.0,1.6
2213,0.0,11.0,3,4,3,1.0,2544.0,1,0,1,2.0,0.0,2.3
2214,0.0,9.0,3,3,3,3.0,1676.0,0,0,1,1.0,2.0,2.0
2215,0.0,111.0,2,2,3,1.0,713.0,0,0,1,2.0,2.0,0.8
2216,0.0,74.0,4,5,3,3.0,3925.0,1,1,0,0.0,2.0,7.15
2217,0.0,11.0,3,4,3,3.0,2072.0,1,0,1,0.0,0.0,1.73
2218,0.0,38.0,2,1,2,3.0,611.0,0,0,1,1.0,1.0,0.26
2219,1.0,34.0,5,5,3,0.0,9500.0,1,0,2,1.0,1.0,10.0
2220,0.0,82.0,3,3,2,3.0,1428.0,0,0,1,0.0,1.0,1.6
2221,0.0,115.0,2,2,2,3.0,619.0,0,0,1,1.0,2.0,0.27
2222,1.0,59.0,5,5,2,3.0,3453.96,1,0,0,1.0,1.0,6.5
2223,0.0,77.0,2,2,2,1.0,1186.0,0,0,0,0.0,0.0,2.0
2224,0.0,57.0,3,3,0,0.0,2667.0,0,0,0,1.0,1.0,2.4
2225,1.0,34.0,4,4,3,2.0,1796.92,1,1,1,2.0,1.0,6.3
2226,0.0,79.0,4,4,3,3.0,2854.0,1,0,0,0.0,0.0,4.5
2227,0.0,9.0,3,3,3,3.0,1413.0,1,0,1,1.0,2.0,1.4
2228,0.0,115.0,3,2,2,1.0,1244.0,0,0,1,1.0,1.0,0.83
2229,0.0,78.0,3,3,3,3.0,1800.0,1,1,1,2.0,0.0,3.2
2230,0.0,11.0,2,2,3,3.0,86.0,0,0,1,2.0,0.0,0.82
2231,0.0,10.0,3,4,3,3.0,3716.0,1,0,0,1.0,2.0,1.9
2232,0.0,9.0,3,3,3,3.0,1465.0,1,0,1,1.0,2.0,1.75
2233,0.0,21.0,3,3,2,3.0,2225.56,1,0,0,0.0,0.0,3.75
2234,1.0,30.0,2,2,1,0.0,1125.0,0,1,1,1.0,1.0,0.65
2235,0.0,53.0,3,3,2,2.0,1640.0,0,0,2,2.0,0.0,2.75
2236,0.0,93.0,3,4,3,3.0,2629.0,1,0,0,0.0,1.0,2.0
2237,0.0,86.0,3,3,3,3.0,1466.0,0,0,1,2.0,0.0,1.1
2238,0.0,96.0,2,2,1,3.0,1000.0,0,0,1,1.0,1.0,0.6
2239,1.0,58.0,4,4,3,0.0,3281.8,1,1,0,0.0,1.0,6.4
2240,0.0,109.0,2,2,3,3.0,846.0,0,0,1,1.0,1.0,0.78
2241,0.0,107.0,2,2,3,3.0,1225.0,0,0,0,1.0,0.0,0.65
2242,0.0,107.0,2,2,3,1.0,1176.0,0,0,1,1.0,0.0,0.7
2243,0.0,107.0,3,4,3,1.0,1697.0,1,0,1,2.0,1.0,0.96
2244,1.0,32.0,8,8,2,0.0,2517.84,1,0,0,2.0,1.0,5.5
2245,1.0,27.0,8,8,3,3.0,4519.2,0,0,0,1.0,1.0,9.5
2246,0.0,85.0,4,3,3,1.0,2111.0,0,1,1,2.0,1.0,1.9
2247,0.0,30.0,3,4,3,0.0,1738.0,1,0,0,2.0,2.0,1.51
2248,0.0,109.0,3,1,3,0.0,1316.0,0,0,0,2.0,1.0,0.56
2249,0.0,10.0,2,2,3,3.0,1365.0,0,0,0,2.0,1.0,1.05
2250,0.0,73.0,2,2,2,4.0,1278.0,0,0,1,1.0,2.0,1.7
2251,1.0,33.0,7,5,3,2.0,60.0,0,0,1,1.0,2.0,1.6
2252,0.0,101.0,2,2,3,3.0,1512.0,0,1,1,2.0,2.0,1.05
2253,0.0,44.0,3,2,3,1.0,833.0,0,0,1,1.0,1.0,0.85
2254,0.0,113.0,2,2,1,3.0,606.0,0,0,1,2.0,1.0,0.35
2255,0.0,93.0,2,2,3,3.0,1700.0,0,0,1,1.0,2.0,1.0
2256,0.0,77.0,3,3,3,1.0,1717.0,1,1,1,2.0,2.0,4.6
2257,0.0,16.0,4,5,3,3.0,2851.0,1,0,1,2.0,2.0,2.95
2258,0.0,30.0,2,3,0,0.0,1000.0,0,0,1,1.0,1.0,1.0
2259,0.0,9.0,3,3,3,3.0,2351.0,1,0,0,0.0,0.0,2.35
2260,0.0,44.0,1,1,1,1.0,458.0,0,0,1,2.0,2.0,0.24
2261,1.0,24.0,10,10,2,2.0,400.0,0,0,1,1.0,1.0,2.25
2262,0.0,101.0,2,2,3,1.0,1550.0,0,0,1,2.0,0.0,1.04
2263,0.0,114.0,4,3,3,0.0,2056.0,0,0,1,1.0,2.0,1.5
2264,0.0,93.0,3,4,2,1.0,2389.0,1,0,1,1.0,0.0,1.9
2265,1.0,38.0,5,3,0,2.0,1755.0,0,0,1,1.0,1.0,0.68
2266,0.0,101.0,2,2,3,3.0,102.0,0,0,1,1.0,0.0,1.35
2267,0.0,82.0,4,4,1,3.0,1783.0,0,0,1,2.0,0.0,1.75
2268,0.0,84.0,4,5,3,0.0,2114.0,1,0,0,2.0,2.0,2.0
2269,0.0,67.0,3,4,3,2.0,2200.0,0,0,0,0.0,2.0,2.1
2270,0.0,77.0,4,4,3,3.0,2194.0,1,0,0,2.0,1.0,2.8
2271,1.0,30.0,3,3,2,2.0,66.0,0,0,0,1.0,1.0,1.15
2272,0.0,9.0,3,3,2,3.0,1493.0,1,0,1,0.0,2.0,1.45
2273,0.0,109.0,3,4,3,3.0,1615.0,1,0,0,0.0,2.0,1.6
2274,1.0,16.0,3,2,0,3.0,2360.0,0,0,1,1.0,1.0,1.55
2275,1.0,38.0,5,4,1,0.0,109.0,0,0,1,1.0,1.0,0.8
2276,0.0,11.0,4,4,3,3.0,2851.0,1,0,1,0.0,0.0,2.62
2277,0.0,1.0,3,2,0,2.0,1403.0,0,0,1,1.0,1.0,0.8
2278,0.0,102.0,2,2,2,2.0,573.0,0,0,1,1.0,2.0,0.5
2279,1.0,97.0,4,4,3,0.0,2425.0,1,0,1,2.0,0.0,1.6
2280,0.0,96.0,3,3,3,3.0,1650.0,1,0,2,1.0,0.0,2.4
2281,0.0,73.0,3,3,3,4.0,1721.0,0,0,1,1.0,1.0,2.17
2282,1.0,42.0,4,4,3,0.0,1452.6,1,1,0,1.0,1.0,3.25
2283,0.0,58.0,5,6,3,3.0,7444.0,1,0,2,1.0,0.0,15.0
2284,0.0,23.0,3,3,2,3.0,995.0,0,0,0,1.0,1.0,0.53
2285,1.0,67.0,6,6,3,0.0,1527.92,0,0,0,1.0,1.0,3.4
2286,0.0,102.0,2,2,1,1.0,557.0,0,0,1,2.0,2.0,0.43
2287,0.0,111.0,2,2,2,1.0,695.0,0,0,1,1.0,0.0,0.45
2288,0.0,80.0,2,2,2,1.0,633.0,0,0,1,1.0,0.0,0.6
2289,0.0,110.0,2,2,0,3.0,730.0,0,0,1,1.0,1.0,0.4
2290,1.0,35.0,6,7,3,1.0,4519.2,1,1,0,2.0,1.0,17.3
2291,1.0,34.0,9,9,0,3.0,7000.0,0,0,1,1.0,1.0,13.5
2292,0.0,115.0,3,3,3,1.0,2444.0,1,0,1,2.0,1.0,1.35
2293,0.0,15.0,4,5,3,3.0,2515.0,0,0,1,2.0,2.0,2.28
2294,1.0,58.0,5,6,3,0.0,8769.4,1,1,0,2.0,1.0,19.5
2295,0.0,115.0,3,2,2,3.0,1014.0,0,0,1,2.0,1.0,0.9
2296,1.0,83.0,3,2,1,2.0,900.0,0,0,1,1.0,1.0,0.45
2297,0.0,77.0,3,3,3,3.0,1500.0,1,0,0,2.0,1.0,2.35
2298,0.0,11.0,3,3,3,3.0,2217.0,1,0,0,2.0,0.0,2.49
2299,0.0,113.0,3,5,3,3.0,1807.0,1,0,1,2.0,2.0,1.23
2300,1.0,109.0,4,4,3,3.0,1743.0,0,0,1,1.0,2.0,0.85
2301,0.0,90.0,3,3,2,3.0,1672.0,0,0,1,2.0,1.0,1.92
2302,0.0,43.0,2,2,0,4.0,85.0,0,0,1,2.0,0.0,1.2
2303,0.0,30.0,2,2,2,3.0,800.0,0,0,1,1.0,2.0,0.35
2304,0.0,111.0,2,2,3,1.0,1095.0,0,0,1,2.0,0.0,0.82
2305,0.0,47.0,3,3,3,4.0,1697.0,0,0,1,2.0,2.0,1.0
2306,0.0,104.0,2,2,2,3.0,1300.0,0,0,1,0.0,1.0,0.92
2307,0.0,100.0,2,2,3,3.0,1158.0,0,0,0,1.0,2.0,0.85
2308,0.0,74.0,2,2,3,4.0,1676.0,0,0,1,2.0,0.0,2.15
2309,0.0,79.0,2,2,1,1.0,889.0,0,0,1,2.0,2.0,0.56
2310,0.0,90.0,3,4,3,3.0,2111.0,1,0,2,0.0,2.0,3.35
2311,0.0,93.0,3,3,3,3.0,1165.0,0,0,0,0.0,0.0,1.2
2312,0.0,89.0,3,3,3,1.0,2018.0,0,1,1,2.0,0.0,2.7
2313,0.0,77.0,3,4,3,0.0,2696.0,1,0,0,0.0,0.0,5.4
2314,0.0,115.0,2,2,2,3.0,939.0,0,0,1,0.0,2.0,0.54
2315,1.0,25.0,3,3,2,0.0,3249.52,0,0,1,1.0,2.0,5.51
2316,0.0,89.0,2,2,3,3.0,1300.0,0,0,1,2.0,2.0,1.57
2317,0.0,33.0,4,5,3,1.0,3889.0,1,0,2,1.0,1.0,6.5
2318,0.0,9.0,3,3,3,3.0,1315.0,1,0,1,2.0,2.0,1.4
2319,0.0,14.0,2,2,2,3.0,543.0,0,0,1,1.0,0.0,0.28
2320,0.0,10.0,4,5,3,1.0,2416.0,1,0,1,1.0,0.0,2.0
2321,0.0,85.0,3,3,3,1.0,1900.0,1,0,1,2.0,2.0,1.66
2322,0.0,11.0,4,4,3,1.0,2851.0,1,0,1,1.0,0.0,2.5
2323,0.0,101.0,2,2,2,3.0,1050.0,0,0,1,0.0,2.0,0.55
2324,1.0,51.0,3,2,1,0.0,87.0,0,0,1,1.0,1.0,0.67
2325,0.0,75.0,3,3,3,1.0,2000.0,0,0,1,1.0,1.0,3.0
2326,0.0,58.0,3,3,3,2.0,1700.0,0,0,0,2.0,0.0,1.6
2327,0.0,51.0,2,2,1,3.0,950.0,0,0,1,1.0,1.0,0.39
2328,1.0,30.0,5,5,2,2.0,4680.599999999999,1,1,2,2.0,1.0,9.0
2329,0.0,86.0,3,4,3,0.0,1631.0,1,0,1,2.0,1.0,1.12
2330,0.0,81.0,4,4,3,1.0,1809.0,0,0,1,1.0,1.0,1.7
2331,1.0,58.0,4,4,1,3.0,3238.76,0,0,1,1.0,1.0,8.5
2332,0.0,67.0,3,3,3,0.0,2251.0,1,0,0,2.0,2.0,1.71
2333,0.0,11.0,3,2,2,4.0,695.0,0,0,1,2.0,2.0,0.49
2334,0.0,14.0,2,2,3,0.0,1236.0,0,0,1,2.0,1.0,0.94
2335,0.0,93.0,2,2,3,3.0,1578.0,0,0,1,2.0,0.0,1.45
2336,0.0,54.0,4,4,3,2.0,2556.0,1,0,0,0.0,0.0,6.0
2337,0.0,115.0,2,2,3,1.0,1175.97,0,0,1,1.0,1.0,1.05
2338,0.0,11.0,3,4,3,3.0,2036.0,1,0,0,1.0,0.0,1.75
2339,0.0,61.0,3,3,3,0.0,2491.0,1,0,1,0.0,1.0,2.65
2340,0.0,78.0,2,2,2,3.0,1048.0,0,0,1,1.0,2.0,1.32
2341,0.0,4.0,4,4,3,0.0,5350.0,0,0,1,2.0,1.0,5.9
2342,0.0,77.0,4,4,3,3.0,1975.0,1,0,0,2.0,1.0,2.75
2343,0.0,110.0,2,2,2,1.0,604.0,0,0,1,1.0,0.0,0.4
2344,0.0,21.0,3,3,2,3.0,2225.56,0,0,0,0.0,0.0,3.4
2345,1.0,39.0,5,4,2,3.0,1100.0,0,0,1,1.0,1.0,1.1
2346,0.0,59.0,3,3,2,2.0,2444.0,0,0,0,2.0,1.0,1.72
2347,0.0,23.0,2,2,1,1.0,800.0,0,0,2,1.0,1.0,0.6
2348,0.0,107.0,4,4,3,3.0,2468.0,1,0,1,2.0,2.0,1.9
2349,0.0,109.0,4,3,0,3.0,2040.0,0,0,1,1.0,0.0,1.25
2350,0.0,99.0,3,3,3,3.0,1600.0,1,0,0,0.0,2.0,1.75
2351,1.0,59.0,6,6,3,0.0,1463.36,0,0,0,1.0,1.0,3.75
2352,0.0,101.0,2,2,3,3.0,1300.0,0,1,1,2.0,0.0,1.22
2353,1.0,61.0,4,4,3,2.0,3200.0,0,0,0,2.0,1.0,7.42
2354,0.0,59.0,3,4,3,3.0,2060.0,0,0,0,1.0,2.0,2.55
2355,0.0,115.0,2,2,2,3.0,939.0,0,0,1,0.0,1.0,0.53
2356,0.0,84.0,3,5,3,3.0,1527.0,1,0,1,0.0,2.0,1.65
2357,1.0,7.0,6,6,3,3.0,1345.0,0,0,1,1.0,1.0,3.5
2358,0.0,115.0,1,1,1,3.0,600.0,0,0,1,1.0,0.0,0.25
2359,0.0,103.0,3,2,3,3.0,1463.0,0,0,2,1.0,2.0,1.62
2360,0.0,43.0,3,3,3,1.0,1697.0,0,0,0,1.0,2.0,1.7
2361,0.0,101.0,4,5,3,3.0,2545.0,0,0,1,2.0,2.0,2.2
2362,1.0,54.0,5,5,3,3.0,2700.76,1,0,0,1.0,1.0,7.0
2363,0.0,73.0,3,3,2,1.0,1811.0,0,0,1,1.0,1.0,2.2
2364,0.0,5.0,3,3,3,0.0,2944.0,1,0,1,1.0,2.0,1.25
2365,0.0,82.0,3,2,3,3.0,1326.0,0,0,0,2.0,1.0,0.9
2366,0.0,84.0,3,3,3,3.0,1527.0,1,0,1,1.0,2.0,1.6
2367,0.0,102.0,2,2,1,1.0,557.0,1,0,1,2.0,1.0,0.42
2368,0.0,97.0,3,4,2,3.0,1620.0,1,0,0,2.0,0.0,1.15
2369,0.0,16.0,1,1,2,3.0,965.0,0,0,1,1.0,2.0,1.7
2370,0.0,47.0,3,3,1,1.0,1643.0,1,0,1,1.0,2.0,0.99
2371,0.0,10.0,2,3,3,3.0,1257.0,1,0,1,2.0,1.0,0.89
2372,0.0,59.0,3,3,3,3.0,1865.0,0,0,1,1.0,1.0,2.45
2373,0.0,79.0,4,4,3,3.0,3160.0,1,0,0,1.0,1.0,4.5
2374,0.0,100.0,2,2,1,3.0,533.0,0,1,1,2.0,1.0,0.34
2375,0.0,109.0,2,2,2,3.0,905.0,0,0,1,2.0,1.0,0.5
2376,0.0,70.0,3,3,1,4.0,2550.0,0,0,1,1.0,1.0,4.02
2377,1.0,68.0,5,4,3,0.0,1549.44,0,1,0,2.0,1.0,3.15
2378,1.0,32.0,3,3,2,0.0,2431.76,1,0,0,2.0,1.0,4.0
2379,0.0,57.0,3,3,3,2.0,1906.0,0,0,0,2.0,1.0,1.65
2380,0.0,86.0,2,2,1,0.0,639.0,0,0,1,2.0,2.0,0.59
2381,0.0,85.0,2,2,3,1.0,1180.0,0,0,0,2.0,0.0,1.34
2382,0.0,59.0,3,4,3,3.0,2061.0,0,0,1,1.0,1.0,2.38
2383,0.0,100.0,3,3,2,3.0,1584.0,0,0,1,2.0,2.0,1.1
2384,0.0,21.0,4,6,3,3.0,3655.35,1,0,0,0.0,0.0,5.2
2385,0.0,107.0,3,3,3,0.0,1541.0,1,0,1,1.0,0.0,1.25
2386,1.0,85.0,3,2,1,1.0,667.0,0,0,1,1.0,1.0,2.1
2387,0.0,9.0,2,2,2,3.0,1017.0,0,0,1,1.0,1.0,1.05
2388,0.0,14.0,3,2,2,3.0,717.0,0,0,1,1.0,2.0,0.51
2389,1.0,68.0,6,6,3,2.0,2700.76,1,1,2,2.0,1.0,4.6
2390,0.0,95.0,3,3,3,0.0,2047.0,1,0,1,2.0,2.0,1.6
2391,0.0,99.0,3,3,3,3.0,1618.0,0,1,1,2.0,1.0,1.05
2392,0.0,9.0,3,4,2,3.0,1587.0,1,0,0,0.0,0.0,1.91
2393,0.0,5.0,3,3,3,0.0,1705.0,1,0,1,2.0,1.0,0.73
2394,1.0,23.0,9,6,2,2.0,1743.12,0,0,1,1.0,1.0,6.0
2395,0.0,109.0,4,4,3,3.0,2267.0,0,0,1,1.0,2.0,1.44
2396,0.0,67.0,3,3,3,0.0,1910.0,0,0,0,2.0,2.0,1.38
2397,0.0,85.0,3,4,3,3.0,2127.0,1,1,0,0.0,2.0,2.5
2398,0.0,82.0,2,3,1,3.0,1500.0,0,0,1,0.0,1.0,1.19
2399,0.0,9.0,3,4,3,3.0,1945.0,1,0,1,2.0,2.0,2.1
2400,0.0,92.0,4,4,3,3.0,2300.0,1,0,1,2.0,1.0,1.25
2401,0.0,77.0,2,2,2,3.0,812.0,0,0,1,2.0,2.0,1.3
2402,0.0,43.0,3,3,2,1.0,2093.0,0,0,1,2.0,1.0,2.5
2403,0.0,96.0,3,3,3,3.0,1600.0,1,0,2,1.0,0.0,2.25
2404,0.0,97.0,4,5,3,3.0,2294.0,1,0,1,2.0,0.0,1.38
2405,1.0,50.0,2,2,3,0.0,900.0,1,1,1,1.0,1.0,1.7
2406,0.0,48.0,3,3,3,3.0,1711.0,0,0,0,2.0,2.0,1.4
2407,0.0,44.0,3,2,2,1.0,850.0,0,0,1,1.0,1.0,0.82
2408,1.0,58.0,5,7,3,0.0,2722.28,1,0,0,2.0,1.0,5.15
2409,0.0,109.0,4,4,2,3.0,2322.0,1,0,1,2.0,0.0,1.12
2410,0.0,5.0,3,4,0,1.0,2480.0,0,0,1,1.0,1.0,1.0
2411,0.0,48.0,3,3,2,3.0,778.0,0,0,1,1.0,1.0,0.5
2412,0.0,109.0,4,4,0,3.0,2040.0,0,0,1,1.0,2.0,1.3
2413,0.0,22.0,3,4,3,3.0,2350.0,1,0,1,0.0,2.0,2.78
2414,0.0,63.0,3,3,3,0.0,2127.0,1,0,1,1.0,2.0,1.85
2415,0.0,98.0,4,4,3,1.0,2179.0,1,0,2,0.0,1.0,2.85
2416,0.0,115.0,1,1,1,1.0,438.0,0,0,1,1.0,2.0,0.26
2417,0.0,37.0,3,3,3,0.0,1777.0,1,0,1,2.0,2.0,2.3
2418,1.0,16.0,4,5,3,3.0,7000.0,0,0,0,2.0,1.0,6.3
2419,0.0,11.0,4,5,3,3.0,2991.0,1,1,1,2.0,1.0,1.35
2420,1.0,66.0,6,4,3,2.0,2700.76,1,0,0,1.0,1.0,5.6
2421,0.0,115.0,2,2,1,1.0,644.0,0,0,1,1.0,2.0,0.32
2422,0.0,98.0,3,3,3,3.0,2333.0,1,0,2,2.0,0.0,2.25
2423,0.0,107.0,4,4,3,3.0,1900.0,0,0,1,2.0,2.0,1.65
2424,0.0,96.0,3,4,3,3.0,1825.0,1,0,0,2.0,0.0,2.3
2425,0.0,14.0,2,2,3,3.0,1236.0,0,0,1,2.0,2.0,0.82
2426,0.0,22.0,4,4,3,1.0,2553.0,1,0,1,1.0,0.0,2.9
2427,0.0,107.0,3,3,3,3.0,1700.0,0,0,1,2.0,2.0,1.3
2428,0.0,20.0,3,4,2,0.0,2200.0,1,0,1,2.0,2.0,2.58
2429,1.0,54.0,4,4,2,2.0,3766.0,1,0,1,2.0,1.0,10.5
2430,0.0,84.0,3,5,0,3.0,1950.0,0,0,1,1.0,1.0,1.75
2431,0.0,97.0,3,3,2,3.0,1588.0,0,0,1,1.0,0.0,1.12
2432,0.0,86.0,2,2,2,0.0,1084.0,0,0,0,2.0,2.0,0.95
2433,0.0,77.0,2,2,3,1.0,1456.0,0,0,1,2.0,0.0,1.8
2434,0.0,9.0,3,3,3,1.0,1571.0,0,0,1,2.0,2.0,2.12
2435,0.0,108.0,3,3,3,3.0,1700.0,0,0,1,2.0,2.0,1.4
2436,0.0,63.0,4,4,3,2.0,1484.0,0,0,1,2.0,1.0,1.5
2437,0.0,111.0,2,2,2,1.0,1364.0,0,0,1,1.0,2.0,0.56
2438,0.0,37.0,2,2,2,2.0,1120.0,0,1,1,2.0,0.0,1.35
2439,0.0,79.0,4,4,3,3.0,2250.0,1,0,0,2.0,1.0,2.72
2440,0.0,93.0,3,3,3,3.0,2161.0,0,0,1,1.0,2.0,1.35
2441,0.0,82.0,3,2,2,0.0,1473.0,0,0,1,1.0,0.0,0.91
2442,0.0,92.0,3,4,3,0.0,1668.0,1,0,1,2.0,2.0,0.88
2443,0.0,43.0,2,2,3,4.0,1253.0,0,0,1,1.0,1.0,0.95
2444,0.0,22.0,3,3,3,1.0,2210.0,1,0,1,0.0,0.0,2.35
2445,0.0,15.0,4,5,3,3.0,2204.25,1,0,2,2.0,1.0,3.0
2446,1.0,83.0,4,2,2,2.0,1575.0,0,0,1,1.0,1.0,1.75
2447,0.0,115.0,1,1,1,1.0,500.0,0,0,1,1.0,0.0,0.21
2448,0.0,63.0,4,3,3,0.0,2091.0,1,0,2,2.0,2.0,2.0
2449,0.0,20.0,2,2,3,1.0,789.0,0,0,1,2.0,2.0,0.6
2450,0.0,77.0,3,3,3,3.0,1650.0,1,0,0,1.0,1.0,2.8
2451,0.0,48.0,3,3,3,3.0,1700.0,0,0,1,2.0,2.0,1.1
2452,1.0,68.0,5,4,3,3.0,2711.5199999999995,1,0,1,1.0,1.0,8.0
2453,0.0,47.0,2,2,3,3.0,1430.0,0,0,1,2.0,0.0,0.75
2454,1.0,26.0,4,3,1,2.0,200.0,0,0,1,1.0,1.0,1.8
2455,0.0,42.0,4,5,3,3.0,2663.0,1,0,1,2.0,1.0,5.5
2456,0.0,37.0,3,3,1,2.0,1240.0,0,0,0,2.0,0.0,2.0
2457,0.0,96.0,3,3,3,3.0,1550.0,1,0,2,1.0,0.0,2.35
2458,1.0,32.0,5,5,2,2.0,1452.6,0,0,0,1.0,1.0,2.7
2459,0.0,5.0,3,3,3,0.0,1914.0,1,0,1,1.0,1.0,0.75
2460,1.0,78.0,5,6,3,1.0,3238.76,1,1,0,0.0,1.0,11.0
2461,1.0,30.0,4,4,3,0.0,2400.0,1,0,1,1.0,1.0,4.0
2462,0.0,101.0,2,3,3,3.0,1550.0,0,0,1,1.0,2.0,1.17
2463,0.0,4.0,3,3,3,1.0,1589.0,0,0,0,2.0,1.0,1.53
2464,1.0,83.0,3,3,2,2.0,160.0,0,0,0,1.0,1.0,2.25
2465,0.0,108.0,4,4,3,0.0,2604.0,1,0,1,2.0,2.0,1.8
2466,1.0,67.0,2,2,0,0.0,1452.6,0,0,1,1.0,1.0,2.95
2467,0.0,54.0,3,3,2,2.0,1527.0,0,1,0,2.0,1.0,2.35
2468,0.0,93.0,3,3,3,3.0,1154.0,0,0,1,2.0,0.0,1.1
2469,0.0,15.0,4,4,3,3.0,2631.0,1,0,1,2.0,1.0,2.08
2470,0.0,111.0,3,2,1,3.0,716.0,0,0,0,2.0,1.0,0.38
2471,0.0,9.0,3,3,3,3.0,1531.0,0,0,1,2.0,1.0,1.8
2472,1.0,43.0,5,6,3,1.0,4938.84,1,0,1,1.0,2.0,10.0
2473,0.0,115.0,3,3,0,3.0,1780.0,0,0,1,2.0,0.0,1.2
2474,0.0,13.0,3,4,3,3.0,1186.0,1,0,1,1.0,0.0,1.13
2475,1.0,51.0,5,4,3,4.0,146.0,0,0,1,1.0,1.0,0.8
2476,0.0,112.0,2,3,3,3.0,1611.0,1,0,1,1.0,2.0,0.95
2477,0.0,101.0,4,4,3,3.0,2600.0,0,0,1,1.0,1.0,2.1
2478,0.0,13.0,4,6,3,3.0,2131.0,1,0,1,2.0,0.0,1.42
2479,1.0,83.0,3,5,3,0.0,600.0,0,0,1,1.0,1.0,0.75
2480,0.0,43.0,3,3,3,1.0,1500.0,1,0,1,1.0,2.0,1.7
2481,1.0,16.0,5,6,3,0.0,2431.76,1,0,1,1.0,1.0,6.1
2482,1.0,59.0,4,4,3,3.0,2087.44,1,0,0,1.0,1.0,6.75
2483,0.0,115.0,2,2,3,1.0,913.0,0,0,1,2.0,1.0,0.56
2484,0.0,91.0,4,4,3,3.0,1800.0,1,0,2,1.0,1.0,1.55
2485,0.0,9.0,3,3,3,3.0,1852.0,0,0,1,2.0,2.0,2.12
2486,0.0,79.0,3,4,3,3.0,2134.0,1,0,0,0.0,0.0,3.4
2487,0.0,107.0,4,4,3,0.0,2468.0,0,0,1,2.0,2.0,1.65
2488,0.0,64.0,3,4,3,3.0,2661.0,1,0,2,1.0,2.0,8.25
2489,0.0,105.0,3,3,2,1.0,1581.0,0,0,1,1.0,1.0,1.3
2490,0.0,9.0,3,4,3,0.0,1748.0,1,0,1,2.0,2.0,1.78
2491,0.0,93.0,3,3,3,3.0,1362.0,0,0,1,0.0,2.0,1.28
2492,1.0,30.0,6,4,0,2.0,4000.0,0,0,1,1.0,1.0,5.0
2493,0.0,40.0,2,2,2,3.0,778.0,0,0,1,1.0,1.0,0.25
2494,0.0,85.0,3,3,3,1.0,2000.0,1,0,0,0.0,0.0,2.55
2495,0.0,79.0,3,3,3,3.0,2200.0,1,0,0,1.0,2.0,2.99
2496,0.0,105.0,2,2,2,1.0,1226.0,0,1,1,2.0,1.0,1.1
2497,0.0,107.0,4,4,3,3.0,2861.0,0,0,1,0.0,2.0,1.25
2498,0.0,113.0,2,2,1,3.0,498.0,0,0,1,2.0,2.0,0.27
2499,0.0,33.0,3,4,3,2.0,3201.0,1,0,0,2.0,1.0,4.25
2500,0.0,101.0,3,3,2,3.0,1402.0,0,0,1,2.0,0.0,0.9
2501,0.0,58.0,3,3,3,0.0,2364.0,1,0,2,2.0,2.0,5.15
2502,1.0,40.0,2,2,0,0.0,130.0,0,0,1,1.0,1.0,0.75
2503,0.0,101.0,3,4,3,3.0,2300.0,0,0,1,1.0,2.0,1.98
2504,0.0,97.0,3,3,3,3.0,2000.0,1,0,0,2.0,0.0,1.37
2505,0.0,14.0,2,2,3,3.0,1388.0,0,0,1,2.0,2.0,1.02
2506,1.0,27.0,2,1,0,2.0,891.0,0,0,1,1.0,1.0,0.29
2507,1.0,58.0,6,5,3,0.0,6000.0,0,0,1,2.0,1.0,3.35
2508,0.0,11.0,2,2,3,4.0,1148.0,0,0,1,2.0,0.0,1.1
2509,0.0,111.0,1,1,1,1.0,406.0,0,0,1,1.0,2.0,0.26
2510,0.0,85.0,3,3,3,3.0,1946.0,1,0,1,2.0,0.0,2.4
2511,1.0,54.0,1,1,0,2.0,1237.4,0,0,1,1.0,1.0,3.35
2512,0.0,73.0,3,3,1,1.0,1549.0,0,0,1,2.0,1.0,2.5
2513,0.0,77.0,3,4,2,3.0,3355.0,0,0,1,1.0,0.0,6.15
2514,1.0,108.0,4,4,3,0.0,3400.0,1,1,0,2.0,1.0,2.5
2515,0.0,12.0,3,2,1,0.0,833.0,0,0,1,1.0,1.0,0.42
2516,0.0,52.0,1,1,0,0.0,300.0,0,0,1,1.0,1.0,1.5
2517,1.0,30.0,4,4,2,2.0,173.0,0,0,1,1.0,2.0,2.5
2518,0.0,47.0,3,3,3,1.0,2211.0,1,0,1,1.0,2.0,1.44
2519,1.0,26.0,2,2,1,2.0,900.0,1,0,1,1.0,1.0,1.07
2520,0.0,23.0,2,2,1,0.0,737.0,0,0,1,1.0,1.0,0.35
2521,1.0,61.0,5,6,0,0.0,3000.0,0,0,1,1.0,1.0,6.5
2522,0.0,93.0,2,2,2,3.0,1300.0,0,0,1,1.0,2.0,1.0
2523,0.0,96.0,3,3,2,3.0,1800.0,1,0,0,0.0,2.0,2.45
2524,0.0,11.0,4,5,3,1.0,2582.0,1,0,1,2.0,1.0,1.75
2525,0.0,85.0,3,2,2,0.0,2406.0,1,0,1,2.0,0.0,2.6
2526,1.0,51.0,3,3,2,2.0,4949.599999999999,0,0,1,1.0,1.0,5.0
2527,0.0,79.0,3,3,3,3.0,2048.0,0,1,2,0.0,1.0,2.8
2528,0.0,9.0,3,3,3,3.0,1314.0,0,0,1,1.0,2.0,1.42
2529,0.0,110.0,2,2,2,3.0,604.0,0,0,1,1.0,2.0,0.36
2530,0.0,9.0,3,3,3,3.0,1531.0,0,0,1,1.0,2.0,1.8
2531,0.0,22.0,3,2,2,3.0,1285.0,0,0,0,0.0,2.0,1.9
2532,0.0,59.0,3,3,3,3.0,1840.0,0,0,1,1.0,0.0,2.23
2533,0.0,102.0,3,4,3,3.0,1339.0,0,0,1,1.0,1.0,1.25
2534,0.0,97.0,3,4,2,3.0,1500.0,1,0,1,0.0,2.0,1.12
2535,0.0,96.0,3,4,3,3.0,2090.0,1,0,2,0.0,0.0,2.25
2536,0.0,37.0,2,1,1,2.0,1188.0,0,0,1,2.0,1.0,0.95
2537,0.0,82.0,2,2,2,4.0,991.0,0,0,1,1.0,2.0,0.75
2538,0.0,9.0,3,3,3,3.0,1531.0,0,0,1,2.0,1.0,1.76
2539,0.0,113.0,2,2,3,1.0,1133.0,0,0,1,2.0,1.0,0.59
2540,1.0,12.0,6,2,1,2.0,1185.51,0,0,1,1.0,1.0,1.2
2541,1.0,54.0,10,10,3,1.0,61.0,1,0,1,1.0,2.0,2.1
2542,0.0,13.0,2,2,3,3.0,940.0,0,0,1,1.0,1.0,0.88
2543,0.0,82.0,3,3,1,3.0,1376.0,0,0,1,0.0,0.0,1.4
2544,1.0,25.0,3,3,3,0.0,2248.84,0,0,1,1.0,1.0,5.0
2545,1.0,35.0,5,5,2,2.0,2700.76,1,1,2,2.0,1.0,9.0
2546,0.0,90.0,3,3,2,4.0,1513.0,0,0,1,2.0,1.0,1.9
2547,0.0,77.0,4,4,3,3.0,1975.0,1,0,0,0.0,1.0,2.85
2548,1.0,20.0,5,5,3,3.0,8000.0,1,0,1,2.0,1.0,9.0
2549,0.0,14.0,3,2,2,3.0,850.0,0,0,1,1.0,2.0,0.5
2550,1.0,63.0,3,3,3,1.0,1800.0,1,0,0,1.0,2.0,2.25
2551,0.0,115.0,1,1,1,3.0,477.809521,0,0,0,1.0,2.0,0.22
2552,0.0,78.0,3,4,3,3.0,1700.0,1,0,0,2.0,2.0,2.8
2553,0.0,96.0,4,5,3,3.0,2577.0,1,0,2,0.0,2.0,3.5
2554,0.0,48.0,3,3,3,3.0,1373.0,0,0,0,1.0,2.0,1.72
2555,0.0,14.0,2,2,3,3.0,1236.0,0,0,1,1.0,2.0,0.9
2556,0.0,111.0,2,2,0,1.0,637.0,0,0,1,1.0,2.0,0.35
2557,0.0,99.0,3,3,2,3.0,1792.0,1,0,1,2.0,1.0,1.25
2558,0.0,30.0,2,3,2,2.0,1444.0,0,0,0,1.0,1.0,0.95
2559,0.0,43.0,2,2,2,1.0,1095.0,0,0,1,1.0,1.0,1.3
2560,0.0,39.0,2,2,1,3.0,600.0,0,0,1,2.0,1.0,0.28
2561,0.0,46.0,2,2,2,3.0,1086.0,0,0,1,1.0,1.0,0.67
2562,0.0,14.0,2,2,3,1.0,1200.0,0,0,1,2.0,0.0,1.01
2563,1.0,12.0,3,2,1,0.0,3889.0,0,0,1,1.0,1.0,1.15
2564,0.0,100.0,3,3,3,3.0,1561.0,0,0,1,2.0,2.0,0.85
2565,0.0,81.0,2,2,3,3.0,1364.0,0,0,1,2.0,0.0,1.32
2566,0.0,99.0,3,3,3,3.0,1570.0,1,0,0,2.0,0.0,1.1
2567,0.0,13.0,3,4,3,3.0,1186.0,1,0,1,0.0,2.0,1.25
2568,0.0,105.0,3,3,3,4.0,1944.0,0,0,1,2.0,2.0,1.7
2569,1.0,15.0,4,4,3,3.0,3000.0,0,0,1,1.0,1.0,1.7
2570,1.0,38.0,1,1,0,2.0,750.0,0,0,1,1.0,1.0,0.55
2571,0.0,113.0,3,5,3,1.0,1737.0,1,0,1,2.0,0.0,1.32
2572,1.0,43.0,5,6,3,1.0,4497.68,1,0,1,2.0,1.0,11.0
2573,1.0,61.0,4,5,3,1.0,4500.0,1,0,0,2.0,2.0,3.99
2574,0.0,50.0,5,4,3,2.0,3556.0,1,0,2,1.0,2.0,2.0
2575,0.0,91.0,3,3,3,1.0,1451.0,0,1,0,2.0,2.0,1.35
2576,0.0,67.0,3,3,3,0.0,1738.0,0,0,0,2.0,2.0,1.39
2577,0.0,100.0,3,3,3,0.0,1710.0,0,0,0,2.0,0.0,1.1
2578,0.0,84.0,3,4,3,3.0,1586.0,1,0,2,0.0,1.0,1.65
2579,0.0,54.0,3,3,2,2.0,1467.0,1,0,2,1.0,1.0,2.0
2580,0.0,57.0,3,3,3,0.0,1888.0,1,0,0,2.0,2.0,2.4
2581,0.0,82.0,3,4,2,3.0,1674.0,0,0,1,0.0,1.0,1.76
2582,0.0,5.0,3,3,3,0.0,2321.0,1,0,1,1.0,2.0,0.9
2583,0.0,65.0,3,4,3,3.0,2329.0,1,0,2,0.0,0.0,5.75
2584,0.0,63.0,4,4,3,0.0,2100.0,0,0,1,1.0,1.0,1.55
2585,0.0,61.0,3,3,3,0.0,2400.0,1,0,1,2.0,1.0,2.75
2586,0.0,47.0,3,3,3,3.0,1708.0,0,0,0,1.0,2.0,1.0
2587,0.0,109.0,4,4,3,3.0,2286.0,1,0,1,2.0,2.0,1.1
2588,1.0,34.0,4,3,3,0.0,1345.0,0,1,1,2.0,1.0,4.45
2589,0.0,81.0,2,2,3,3.0,1150.0,0,0,0,2.0,1.0,1.1
2590,0.0,99.0,3,3,3,3.0,1549.0,1,0,0,2.0,2.0,1.75
2591,0.0,15.0,2,3,3,3.0,978.23,1,0,1,2.0,1.0,0.9
2592,0.0,101.0,3,4,3,1.0,2179.0,0,1,1,2.0,2.0,1.77
2593,0.0,63.0,4,4,3,1.0,2199.0,0,0,1,1.0,0.0,1.76
2594,0.0,23.0,3,3,2,3.0,1178.0,0,0,1,1.0,1.0,0.6
2595,0.0,100.0,2,2,3,3.0,1086.0,0,0,1,2.0,0.0,0.54
2596,0.0,43.0,2,2,3,4.0,1539.0,0,0,1,1.0,0.0,1.25
2597,0.0,96.0,3,3,3,0.0,1982.0,1,0,0,1.0,1.0,1.28
2598,0.0,37.0,2,2,2,3.0,1222.0,0,0,1,2.0,1.0,1.6
2599,0.0,102.0,2,2,1,4.0,1231.0,0,0,1,1.0,0.0,0.74
2600,0.0,9.0,3,3,3,3.0,1300.0,1,0,1,1.0,2.0,1.4
2601,0.0,20.0,3,3,2,3.0,1538.0,0,0,1,2.0,0.0,2.25
2602,1.0,13.0,5,4,3,1.0,4000.0,1,1,1,0.0,0.0,5.6
2603,0.0,13.0,1,1,1,1.0,778.0,0,0,1,2.0,0.0,0.46
2604,1.0,56.0,8,6,3,0.0,2367.2,1,0,0,2.0,1.0,5.65
2605,0.0,82.0,4,4,2,3.0,1819.0,0,0,0,0.0,2.0,1.8
2606,0.0,73.0,2,2,2,1.0,1150.0,0,0,1,2.0,1.0,1.41
2607,0.0,69.0,4,5,3,3.0,3182.0,1,0,0,1.0,0.0,4.85
2608,0.0,102.0,3,2,1,1.0,1529.0,0,0,1,2.0,1.0,1.25
2609,0.0,10.0,3,4,3,3.0,1731.0,1,0,1,0.0,1.0,0.99
2610,1.0,25.0,3,3,3,2.0,2248.84,0,0,1,1.0,1.0,3.4
2611,1.0,37.0,4,2,0,2.0,864.0,0,0,1,1.0,1.0,0.7
2612,0.0,101.0,3,3,1,3.0,1344.0,0,0,1,2.0,1.0,0.88
2613,0.0,85.0,2,2,3,0.0,1285.0,0,0,1,1.0,2.0,1.2
2614,1.0,71.0,2,2,0,0.0,1222.0,0,0,1,1.0,2.0,0.85
2615,0.0,48.0,3,3,3,3.0,1707.0,0,0,1,1.0,0.0,1.49
2616,0.0,84.0,2,2,3,3.0,1222.0,0,0,1,1.0,2.0,1.15
2617,0.0,9.0,3,4,3,3.0,1900.0,1,0,0,0.0,0.0,2.0
2618,1.0,87.0,5,5,3,3.0,3653.0,0,0,1,1.0,0.0,3.1
2619,0.0,102.0,3,3,3,3.0,1500.0,0,0,2,0.0,0.0,1.55
2620,0.0,97.0,2,2,2,3.0,1294.0,0,0,0,2.0,0.0,0.86
2621,0.0,109.0,3,3,3,3.0,713.0,0,0,1,2.0,2.0,0.39
2622,1.0,18.0,5,4,3,2.0,1850.0,0,1,1,1.0,1.0,2.5
2623,0.0,43.0,2,2,3,1.0,1385.0,0,0,1,2.0,0.0,1.25
2624,1.0,59.0,3,3,1,2.0,1355.7599999999998,0,0,0,2.0,1.0,2.75
2625,0.0,58.0,3,3,3,2.0,1895.0,0,0,0,1.0,2.0,1.6
2626,1.0,90.0,4,4,0,1.0,3111.0,0,0,1,1.0,0.0,1.75
2627,1.0,34.0,9,9,3,2.0,1936.8,1,1,0,2.0,1.0,6.5
2628,0.0,117.0,5,5,2,2.0,2400.0,1,1,0,1.0,1.0,1.3
2629,1.0,58.0,4,5,3,0.0,3195.72,1,1,0,2.0,1.0,7.69
2630,0.0,45.0,3,3,2,1.0,2297.0,0,0,1,1.0,0.0,3.65
2631,0.0,15.0,2,2,2,3.0,1250.0,0,0,1,2.0,1.0,2.1
2632,1.0,119.0,5,3,3,0.0,3500.0,0,0,1,1.0,1.0,1.35
2633,1.0,61.0,4,5,3,2.0,2162.76,1,0,0,2.0,1.0,6.8
2634,0.0,82.0,4,5,3,3.0,2856.0,1,0,1,1.0,0.0,3.05
2635,0.0,87.0,3,3,3,3.0,2000.0,1,0,0,0.0,2.0,3.3
2636,0.0,44.0,3,2,3,1.0,1244.0,0,0,1,1.0,1.0,0.72
2637,0.0,19.0,4,5,3,3.0,3077.0,1,0,1,0.0,2.0,3.7
2638,1.0,54.0,9,9,3,0.0,1936.8,1,0,0,2.0,1.0,5.3
2639,1.0,60.0,6,5,2,2.0,2250.0,1,0,2,0.0,1.0,3.5
2640,0.0,67.0,3,2,3,2.0,1750.0,1,0,0,2.0,2.0,1.39
2641,0.0,102.0,3,3,3,3.0,1780.0,0,0,1,0.0,0.0,1.5
2642,0.0,77.0,4,4,3,3.0,2194.0,1,0,2,0.0,1.0,2.77
2643,0.0,61.0,4,4,0,0.0,3395.0,0,0,1,1.0,2.0,6.75
2644,0.0,92.0,3,3,3,0.0,1853.0,0,0,1,1.0,2.0,1.05
2645,1.0,37.0,2,2,1,2.0,1450.0,0,1,1,1.0,1.0,1.39
2646,0.0,30.0,2,2,3,0.0,1416.0,0,0,1,2.0,0.0,0.98
2647,0.0,101.0,2,2,3,3.0,1173.0,0,0,1,2.0,0.0,1.1
2648,1.0,58.0,3,3,2,0.0,3238.76,1,0,2,0.0,1.0,8.2
2649,0.0,83.0,3,2,1,1.0,889.0,0,0,1,1.0,1.0,0.48
2650,0.0,82.0,3,3,2,3.0,1455.0,0,0,0,2.0,1.0,1.55
2651,0.0,9.0,2,2,2,1.0,747.0,0,0,1,2.0,0.0,0.97
2652,0.0,43.0,2,2,2,1.0,103.0,0,0,1,1.0,0.0,1.15
2653,0.0,101.0,2,2,3,3.0,1700.0,0,0,0,0.0,2.0,1.18
2654,0.0,115.0,2,2,2,1.0,564.0,0,0,1,2.0,1.0,0.42
2655,0.0,105.0,2,2,2,3.0,769.0,0,0,1,1.0,1.0,0.42
2656,1.0,16.0,5,5,3,3.0,3593.84,1,1,1,2.0,1.0,9.5
2657,0.0,16.0,3,3,3,3.0,1650.0,0,1,0,0.0,0.0,1.65
2658,1.0,54.0,1,1,0,4.0,1237.4,0,0,1,1.0,1.0,3.3
2659,0.0,13.0,3,4,3,3.0,1305.0,1,0,1,1.0,2.0,1.14
2660,0.0,79.0,3,3,3,3.0,2150.0,1,0,0,0.0,2.0,2.95
2661,0.0,21.0,3,5,2,3.0,3000.0,1,0,1,2.0,0.0,4.25
2662,1.0,39.0,2,1,0,3.0,500.0,0,0,1,1.0,1.0,0.4
2663,0.0,101.0,2,2,2,3.0,1822.0,1,0,1,2.0,2.0,1.31
2664,0.0,67.0,1,1,1,2.0,475.0,0,0,1,1.0,1.0,0.52
2665,0.0,11.0,3,4,3,3.0,2072.0,1,0,1,2.0,0.0,1.75
2666,0.0,96.0,2,2,1,4.0,814.0,0,0,1,1.0,1.0,0.6
2667,0.0,99.0,3,3,3,0.0,1468.0,0,0,0,2.0,2.0,1.05
2668,0.0,93.0,2,2,3,1.0,1423.0,0,0,1,1.0,1.0,1.3
2669,1.0,16.0,4,5,3,3.0,2431.76,1,0,0,2.0,1.0,6.0
2670,0.0,100.0,4,4,3,3.0,2998.0,1,0,1,2.0,2.0,2.28
2671,0.0,79.0,4,4,3,0.0,2127.0,1,0,0,2.0,2.0,2.7
2672,0.0,105.0,3,3,2,1.0,1473.0,0,0,1,2.0,2.0,1.13
2673,0.0,67.0,3,3,3,2.0,2400.0,1,0,0,2.0,1.0,1.74
2674,0.0,107.0,3,3,2,3.0,2167.0,0,0,0,1.0,2.0,0.92
2675,0.0,77.0,3,3,3,0.0,3027.0,1,0,0,0.0,0.0,6.1
2676,0.0,96.0,3,3,2,3.0,1800.0,1,0,2,0.0,2.0,2.4
2677,0.0,11.0,3,3,3,3.0,2072.0,1,0,1,0.0,0.0,1.85
2678,0.0,21.0,4,6,3,3.0,3655.35,1,0,0,0.0,2.0,5.6
2679,0.0,90.0,4,4,2,3.0,3889.0,1,0,0,2.0,2.0,4.0
2680,0.0,43.0,4,4,3,2.0,4809.0,1,0,0,2.0,0.0,3.25
2681,0.0,82.0,3,3,2,3.0,1428.0,0,0,1,2.0,1.0,1.43
2682,1.0,83.0,2,2,0,2.0,126.0,0,0,1,1.0,1.0,1.0
2683,0.0,79.0,3,4,3,3.0,2134.0,1,0,0,0.0,0.0,3.4
2684,1.0,35.0,3,3,2,0.0,1345.0,1,0,1,2.0,1.0,4.5
2685,0.0,77.0,3,3,3,1.0,1828.0,0,0,1,1.0,0.0,3.29
2686,0.0,13.0,2,2,2,1.0,1539.0,0,0,1,2.0,2.0,1.05
2687,0.0,76.0,2,2,2,4.0,1167.0,0,0,1,1.0,1.0,1.55
2688,0.0,64.0,3,4,3,1.0,2895.0,0,0,1,2.0,0.0,4.8
2689,0.0,37.0,3,3,2,2.0,1700.0,1,0,1,2.0,0.0,2.25
2690,0.0,14.0,4,5,3,3.0,2505.0,1,0,1,1.0,0.0,1.65
2691,0.0,70.0,3,1,0,4.0,2295.0,0,0,1,1.0,1.0,3.9
2692,1.0,52.0,9,9,3,0.0,2367.2,1,1,0,2.0,1.0,5.0
2693,0.0,102.0,3,2,1,1.0,1878.0,0,0,1,1.0,2.0,0.95
2694,0.0,101.0,3,4,3,3.0,2026.0,1,0,1,0.0,2.0,2.0
2695,0.0,108.0,2,2,3,3.0,1302.0,0,0,0,1.0,2.0,0.89
2696,0.0,82.0,3,3,1,3.0,1419.0,0,0,1,2.0,0.0,1.3
2697,1.0,51.0,2,1,3,0.0,4637.56,0,0,1,1.0,1.0,4.12
2698,0.0,14.0,2,2,2,3.0,627.0,0,0,2,1.0,1.0,0.38
2699,0.0,86.0,3,4,2,3.0,1577.0,1,0,0,0.0,2.0,1.25
2700,0.0,109.0,3,3,3,0.0,1304.0,0,0,1,2.0,1.0,0.65
2701,0.0,97.0,3,3,3,3.0,1844.0,1,1,0,0.0,1.0,1.16
2702,0.0,9.0,3,3,3,3.0,1493.0,1,0,0,1.0,2.0,1.39
2703,0.0,59.0,1,2,2,0.0,746.0,0,0,1,1.0,1.0,0.94
2704,0.0,67.0,4,4,2,4.0,2081.0,0,0,1,1.0,2.0,2.0
2705,0.0,99.0,3,3,2,3.0,1570.0,0,0,1,1.0,0.0,1.08
2706,0.0,81.0,3,3,3,3.0,1845.0,0,0,0,2.0,0.0,1.8
2707,0.0,14.0,2,2,3,3.0,1281.0,0,0,0,2.0,2.0,0.9
2708,0.0,81.0,3,3,3,4.0,1798.0,0,0,1,1.0,0.0,1.85
2709,1.0,33.0,4,4,3,3.0,1076.0,0,1,2,1.0,2.0,2.6
2710,0.0,107.0,4,4,3,0.0,2005.0,1,0,1,1.0,0.0,1.7
2711,0.0,11.0,4,5,3,3.0,3000.0,1,1,1,2.0,1.0,1.35
2712,0.0,86.0,3,3,3,0.0,1577.0,1,0,0,2.0,2.0,1.16
2713,0.0,22.0,3,3,3,1.0,2281.0,0,0,1,1.0,2.0,3.21
2714,0.0,109.0,2,2,3,4.0,1195.0,0,0,1,1.0,0.0,0.6
2715,0.0,9.0,3,3,3,1.0,1465.0,0,1,1,2.0,0.0,1.95
2716,0.0,59.0,5,5,3,3.0,3724.0,1,0,1,1.0,0.0,4.79
2717,0.0,48.0,3,3,3,3.0,1250.0,0,0,1,1.0,2.0,1.0
2718,0.0,109.0,4,5,3,3.0,1895.0,0,0,1,1.0,0.0,0.95
2719,0.0,16.0,3,3,3,3.0,2000.0,0,0,1,0.0,2.0,1.8
2720,0.0,87.0,4,5,3,3.0,2625.0,1,0,1,1.0,2.0,3.5
2721,0.0,41.0,3,2,2,2.0,1300.0,0,0,2,2.0,1.0,1.45
2722,1.0,32.0,3,2,0,2.0,3077.36,0,0,1,1.0,1.0,5.1
2723,1.0,34.0,5,5,3,0.0,6400.0,1,0,0,2.0,1.0,15.0
2724,0.0,115.0,3,3,3,3.0,1600.0,0,0,1,0.0,2.0,1.07
2725,0.0,47.0,3,3,3,1.0,1500.0,0,0,0,1.0,2.0,1.05
2726,0.0,109.0,3,2,2,1.0,1175.0,0,0,1,1.0,0.0,0.79
2727,0.0,105.0,3,3,0,1.0,1423.0,0,0,1,2.0,2.0,1.25
2728,0.0,102.0,2,2,1,4.0,637.0,0,0,1,1.0,0.0,0.45
2729,1.0,0.0,2,3,1,3.0,450.0,0,0,1,1.0,1.0,0.32
2730,0.0,101.0,2,2,3,3.0,1600.0,0,0,1,0.0,2.0,1.1
2731,0.0,14.0,3,3,3,3.0,1547.0,0,0,1,2.0,2.0,1.3
2732,1.0,55.0,9,9,3,0.0,1839.96,0,0,0,2.0,1.0,4.49
2733,0.0,4.0,4,4,3,3.0,5430.0,1,0,1,2.0,2.0,7.0
2734,0.0,11.0,4,4,3,3.0,2509.0,1,0,1,0.0,0.0,2.55
2735,1.0,35.0,5,5,3,3.0,4519.2,1,0,2,1.0,1.0,13.5
2736,0.0,48.0,2,3,2,3.0,656.0,0,0,1,1.0,2.0,0.45
2737,0.0,115.0,2,2,2,3.0,524.0,0,0,2,2.0,2.0,0.3
2738,0.0,77.0,3,3,2,0.0,4278.0,0,1,1,2.0,0.0,7.0
2739,0.0,98.0,3,3,3,3.0,1545.0,1,0,2,0.0,2.0,1.8
2740,0.0,5.0,3,2,2,0.0,1508.0,0,0,1,1.0,2.0,0.85
2741,0.0,115.0,2,2,2,1.0,577.0,0,0,1,1.0,1.0,0.32
2742,0.0,96.0,4,4,3,3.0,3850.0,1,0,0,1.0,2.0,4.45
2743,0.0,96.0,3,4,3,3.0,2300.0,1,1,0,2.0,2.0,2.25
2744,0.0,75.0,3,4,3,0.0,1554.0,0,0,0,2.0,2.0,2.2
2745,0.0,16.0,3,3,3,3.0,1896.0,1,0,1,2.0,0.0,2.22
2746,0.0,47.0,3,3,3,3.0,1890.0,1,0,1,2.0,2.0,1.4
2747,0.0,43.0,3,2,3,1.0,1512.0,0,0,1,1.0,1.0,1.45
2748,1.0,16.0,7,5,3,3.0,4497.68,1,0,1,1.0,2.0,11.3
2749,0.0,48.0,2,2,3,1.0,1100.0,0,0,1,1.0,2.0,0.71
2750,0.0,47.0,2,2,3,3.0,1179.0,0,1,0,2.0,0.0,0.95
2751,0.0,115.0,3,3,3,3.0,1344.0,0,0,1,0.0,1.0,0.78
2752,0.0,77.0,3,3,3,3.0,2696.0,1,0,0,2.0,0.0,5.2
2753,0.0,77.0,3,3,3,3.0,3245.0,1,0,0,0.0,1.0,5.0
2754,0.0,47.0,2,2,3,4.0,1180.0,0,0,1,2.0,2.0,0.6
2755,0.0,91.0,2,2,2,1.0,1214.0,0,0,0,2.0,0.0,0.86
2756,0.0,84.0,3,5,3,3.0,1527.0,1,0,1,0.0,2.0,1.55
2757,0.0,105.0,2,2,2,1.0,998.0,0,0,1,1.0,1.0,0.9
2758,0.0,105.0,3,3,3,1.0,1288.0,0,0,1,2.0,1.0,1.25
2759,0.0,85.0,3,4,3,3.0,2350.0,1,0,1,1.0,0.0,2.8
2760,0.0,84.0,2,2,3,3.0,1222.0,0,0,1,1.0,1.0,1.25
2761,1.0,27.0,6,6,3,2.0,1452.6,0,0,1,1.0,1.0,3.5
2762,1.0,1.0,10,6,3,2.0,3500.0,0,0,1,1.0,1.0,1.35
2763,0.0,13.0,3,4,3,3.0,1186.0,1,0,0,0.0,0.0,1.15
2764,0.0,58.0,3,3,3,0.0,2199.0,1,0,0,2.0,2.0,1.86
2765,0.0,96.0,2,2,2,3.0,1112.0,0,0,0,2.0,1.0,0.95
2766,0.0,107.0,4,4,3,3.0,2139.0,1,0,1,2.0,2.0,1.6
2767,1.0,68.0,9,9,3,1.0,2700.76,1,0,0,1.0,1.0,7.25
2768,0.0,13.0,3,2,2,3.0,1359.0,0,0,1,1.0,2.0,1.82
2769,0.0,99.0,3,3,2,0.0,1500.0,0,0,0,2.0,0.0,1.12
2770,0.0,109.0,4,4,3,0.0,1893.0,0,0,1,2.0,1.0,0.8
2771,0.0,93.0,2,2,2,3.0,1330.0,0,0,0,2.0,2.0,1.3
2772,0.0,105.0,2,2,2,1.0,1390.0,0,0,1,1.0,0.0,0.65
2773,0.0,97.0,3,4,2,1.0,1620.0,1,0,1,2.0,0.0,0.99
2774,0.0,9.0,3,3,3,3.0,1644.0,0,0,1,2.0,1.0,2.04
2775,0.0,109.0,3,3,3,3.0,1692.0,0,0,0,2.0,2.0,0.8
2776,0.0,47.0,2,2,3,4.0,756.0,0,0,1,2.0,1.0,0.4
2777,1.0,23.0,9,5,2,2.0,1800.0,0,0,1,1.0,1.0,2.5
2778,0.0,86.0,3,3,2,0.0,1541.0,1,0,0,2.0,0.0,1.15
2779,1.0,23.0,7,7,3,2.0,2700.0,0,0,1,1.0,1.0,2.9
2780,0.0,11.0,3,4,3,3.0,1669.0,1,0,1,2.0,0.0,1.25
2781,1.0,15.0,1,1,0,3.0,2680.0,0,0,1,1.0,1.0,1.34
2782,0.0,114.0,3,3,2,0.0,1403.0,0,0,1,1.0,2.0,0.95
2783,0.0,9.0,2,2,3,3.0,1100.0,0,0,0,1.0,2.0,1.26
2784,0.0,76.0,3,3,3,3.0,2153.0,0,0,1,1.0,2.0,3.15
2785,0.0,16.0,3,3,3,3.0,1579.0,0,0,1,2.0,2.0,1.68
2786,1.0,35.0,4,4,3,3.0,8995.36,1,1,0,2.0,1.0,23.0
2787,1.0,83.0,2,2,0,2.0,900.0,0,0,1,1.0,1.0,0.53
2788,0.0,107.0,4,5,2,3.0,2134.0,1,0,1,2.0,2.0,1.3
2789,0.0,43.0,3,4,1,3.0,1421.0,1,0,1,1.0,1.0,1.55
2790,0.0,82.0,3,3,1,3.0,1392.0,0,0,1,2.0,0.0,1.38
2791,0.0,82.0,4,4,2,3.0,1889.0,0,0,1,0.0,1.0,2.05
2792,1.0,51.0,3,3,2,3.0,1350.0,0,0,1,1.0,1.0,0.55
2793,0.0,19.0,4,5,3,3.0,3077.0,1,0,1,0.0,2.0,3.6
2794,1.0,30.0,5,6,3,2.0,2431.76,0,0,0,1.0,1.0,6.0
2795,0.0,103.0,3,3,3,3.0,2296.0,1,0,1,2.0,2.0,1.38
2796,0.0,76.0,2,2,2,3.0,1400.0,0,0,1,1.0,1.0,2.1
2797,0.0,68.0,5,6,3,0.0,5010.0,1,0,0,0.0,0.0,5.5
2798,0.0,65.0,4,6,3,3.0,2826.0,1,0,2,2.0,2.0,11.0
2799,1.0,67.0,2,2,2,0.0,1452.6,0,0,1,1.0,1.0,2.95
2800,0.0,22.0,3,4,3,1.0,2600.0,1,0,1,0.0,0.0,3.05
2801,0.0,41.0,3,5,3,2.0,2367.0,1,0,0,2.0,0.0,3.55
2802,0.0,58.0,3,3,3,0.0,1869.0,0,0,1,1.0,0.0,3.45
2803,1.0,75.0,4,4,3,1.0,3950.0,0,0,1,2.0,0.0,8.5
2804,0.0,64.0,4,4,3,0.0,3068.0,1,0,0,2.0,2.0,6.44
2805,0.0,93.0,2,2,3,1.0,1172.0,0,0,1,2.0,1.0,0.78
2806,1.0,97.0,4,4,3,3.0,3238.76,1,0,2,2.0,1.0,6.8
2807,1.0,78.0,4,4,3,3.0,5605.96,1,1,1,2.0,1.0,9.01
2808,0.0,48.0,4,3,3,3.0,1983.0,1,0,1,2.0,2.0,1.78
2809,0.0,109.0,4,5,3,3.0,1692.0,1,0,1,2.0,0.0,0.9
2810,0.0,101.0,2,2,1,3.0,97.0,0,0,1,1.0,0.0,1.05
2811,0.0,93.0,2,2,3,3.0,1411.0,0,0,1,0.0,2.0,1.33
2812,0.0,115.0,2,2,2,3.0,1045.0,0,0,1,1.0,2.0,0.99
2813,1.0,83.0,1,1,1,2.0,758.0,0,0,1,1.0,1.0,0.69
2814,0.0,115.0,2,2,3,1.0,828.0,0,0,1,2.0,2.0,0.55
2815,0.0,14.0,2,2,2,3.0,543.0,0,0,1,1.0,1.0,0.27
2816,0.0,99.0,3,3,3,3.0,1719.0,0,0,1,2.0,2.0,1.8
2817,1.0,38.0,3,4,3,0.0,3500.0,0,0,0,1.0,1.0,0.9
2818,0.0,15.0,2,2,3,0.0,1720.0,0,0,0,1.0,1.0,0.7
2819,0.0,31.0,3,3,3,1.0,1860.0,0,0,2,0.0,0.0,2.79
2820,0.0,90.0,2,2,2,4.0,823.0,0,0,1,1.0,2.0,0.55
2821,0.0,14.0,2,2,3,3.0,1281.0,0,0,1,1.0,1.0,1.15
2822,0.0,98.0,3,3,3,0.0,1668.0,0,0,1,1.0,0.0,1.87
2823,0.0,67.0,3,3,3,2.0,1450.0,0,0,1,0.0,1.0,1.37
2824,0.0,109.0,2,2,3,3.0,1000.0,0,0,1,1.0,1.0,0.5
2825,1.0,2.0,2,2,1,0.0,62.0,0,0,1,1.0,1.0,0.6
2826,0.0,77.0,3,4,3,3.0,1833.0,1,0,2,0.0,1.0,2.29
2827,0.0,14.0,2,2,2,3.0,543.0,0,0,1,1.0,1.0,0.28
2828,0.0,86.0,1,1,2,1.0,294.0,0,0,1,1.0,1.0,0.39
2829,0.0,108.0,4,4,3,3.0,2465.0,1,0,1,2.0,2.0,1.9
2830,0.0,96.0,2,2,3,3.0,700.0,0,0,1,2.0,2.0,0.5
2831,0.0,101.0,2,2,3,3.0,1426.0,0,1,1,0.0,0.0,1.25
2832,0.0,107.0,2,2,3,3.0,1222.0,0,0,1,0.0,2.0,0.65
2833,1.0,30.0,3,3,3,0.0,1560.2,0,0,0,1.0,1.0,2.75
2834,0.0,93.0,3,3,3,3.0,1656.0,0,0,0,1.0,0.0,1.25
2835,0.0,111.0,2,2,2,1.0,694.0,0,0,1,1.0,2.0,0.28
2836,1.0,25.0,4,4,3,0.0,3152.68,0,0,1,1.0,1.0,6.5
2837,0.0,13.0,3,4,3,3.0,1186.0,1,0,1,0.0,2.0,1.25
2838,0.0,109.0,4,3,3,3.0,2533.0,1,0,1,2.0,0.0,1.19
2839,0.0,115.0,2,2,3,4.0,561.0,0,0,1,1.0,2.0,0.4
2840,0.0,113.0,2,2,1,1.0,552.0,0,0,1,1.0,2.0,0.27
2841,0.0,102.0,3,3,3,3.0,1548.0,0,0,0,0.0,2.0,1.6
2842,0.0,93.0,3,4,3,3.0,1416.0,1,0,0,0.0,0.0,1.55
2843,0.0,99.0,2,2,2,0.0,1195.0,0,1,1,1.0,2.0,0.8
2844,0.0,111.0,2,2,1,1.0,610.0,0,0,1,1.0,2.0,0.38
2845,0.0,61.0,3,3,2,3.0,1245.0,0,1,0,2.0,2.0,1.4
2846,0.0,81.0,2,2,3,1.0,1180.0,0,0,0,1.0,0.0,0.8
2847,0.0,73.0,3,3,3,1.0,1639.0,0,1,1,1.0,1.0,2.54
2848,1.0,30.0,2,2,0,1.0,600.0,0,0,1,1.0,1.0,0.35
2849,0.0,115.0,2,2,2,1.0,4986.0,0,0,1,1.0,2.0,2.6
2850,0.0,9.0,3,4,3,3.0,2334.0,0,0,0,1.0,1.0,2.4
2851,0.0,99.0,3,3,3,3.0,1549.0,1,0,1,2.0,0.0,1.75
2852,0.0,61.0,3,3,3,0.0,2093.0,0,1,0,2.0,0.0,2.51
2853,0.0,99.0,3,4,3,3.0,1667.0,1,0,0,2.0,2.0,1.8
2854,0.0,86.0,3,3,2,0.0,1958.0,0,0,0,2.0,1.0,1.4
2855,0.0,61.0,3,3,3,0.0,2600.0,1,0,0,0.0,2.0,2.97
2856,0.0,115.0,2,2,1,3.0,743.0,0,0,1,1.0,2.0,0.29
2857,0.0,107.0,3,3,2,3.0,1562.0,0,0,1,2.0,0.0,1.19
2858,0.0,5.0,3,2,3,2.0,1696.0,0,0,1,2.0,2.0,0.64
2859,0.0,115.0,3,2,3,4.0,978.0,0,0,1,2.0,2.0,0.79
2860,0.0,5.0,3,3,2,0.0,2556.0,0,0,1,1.0,1.0,0.85
2861,0.0,9.0,3,3,3,3.0,1315.0,1,0,1,2.0,0.0,1.54
2862,0.0,107.0,3,3,3,3.0,1540.0,0,0,1,0.0,2.0,1.29
2863,0.0,9.0,3,3,3,3.0,1315.0,1,0,1,2.0,2.0,1.42
2864,0.0,93.0,2,2,3,1.0,1280.0,0,0,1,2.0,0.0,0.71
2865,1.0,66.0,5,4,3,0.0,1549.44,1,1,0,2.0,1.0,3.1
2866,0.0,72.0,3,3,3,3.0,2400.0,1,0,0,0.0,2.0,3.0
2867,1.0,27.0,6,6,3,3.0,1452.6,0,0,1,2.0,1.0,2.98
2868,0.0,74.0,4,6,3,3.0,3933.0,1,0,0,2.0,0.0,9.95
2869,0.0,65.0,3,3,3,2.0,2558.0,0,0,0,2.0,1.0,3.25
2870,0.0,26.0,2,2,1,3.0,856.0,0,0,0,1.0,1.0,0.43
2871,1.0,56.0,5,4,2,0.0,1839.96,0,1,0,2.0,1.0,4.25
2872,0.0,111.0,2,2,2,3.0,716.0,0,0,1,2.0,2.0,0.38
2873,1.0,16.0,7,5,3,3.0,4497.68,1,0,1,1.0,2.0,11.25
2874,0.0,82.0,4,4,2,3.0,1804.0,1,1,1,0.0,2.0,1.7
2875,0.0,11.0,3,2,2,1.0,848.0,0,0,1,2.0,2.0,0.65
2876,0.0,79.0,3,3,3,3.0,2047.0,0,0,0,0.0,2.0,2.78
2877,0.0,96.0,3,3,3,0.0,1438.0,0,1,0,2.0,2.0,1.35
2878,0.0,109.0,3,2,3,1.0,1661.0,0,0,1,1.0,1.0,0.99
2879,1.0,83.0,3,3,2,2.0,2248.84,0,0,1,1.0,1.0,3.1
2880,0.0,87.0,4,5,3,3.0,2376.0,1,0,0,0.0,0.0,3.19
2881,0.0,101.0,3,4,3,3.0,2398.0,1,0,0,0.0,0.0,1.99
2882,0.0,109.0,3,3,3,3.0,1765.0,1,0,0,2.0,2.0,1.6
2883,0.0,85.0,3,3,3,3.0,1450.0,0,0,2,1.0,1.0,1.2
2884,0.0,9.0,3,3,3,3.0,1690.0,0,0,0,1.0,2.0,2.15
2885,0.0,11.0,1,2,2,1.0,334.0,0,0,1,2.0,1.0,0.2
2886,0.0,15.0,3,4,3,3.0,1500.29,1,0,0,2.0,1.0,1.6
2887,1.0,58.0,4,4,3,3.0,3195.72,1,1,0,2.0,1.0,7.25
2888,0.0,85.0,2,2,2,3.0,1262.0,0,0,1,1.0,0.0,1.4
2889,0.0,12.0,3,2,1,3.0,1111.0,0,0,1,1.0,1.0,0.42
2890,0.0,115.0,2,2,3,3.0,1131.0,0,0,1,1.0,2.0,0.95
2891,1.0,24.0,10,5,3,2.0,8134.56,0,0,1,1.0,2.0,9.0
2892,0.0,111.0,1,1,1,3.0,3569.0,0,0,1,1.0,0.0,0.19
2893,0.0,115.0,2,2,1,3.0,744.000768,0,0,1,2.0,1.0,0.32
2894,1.0,67.0,4,4,3,3.0,1506.4,0,0,0,1.0,1.0,4.0
2895,0.0,111.0,1,1,1,3.0,407.0,0,0,1,2.0,2.0,0.2
2896,0.0,67.0,3,3,3,2.0,1810.0,1,0,0,2.0,2.0,1.55
2897,1.0,39.0,3,4,2,3.0,900.0,0,0,1,1.0,1.0,1.0
2898,0.0,16.0,3,3,3,3.0,1946.0,1,0,0,1.0,0.0,1.65
2899,0.0,107.0,3,3,3,3.0,1929.0,1,0,1,2.0,2.0,1.25
2900,0.0,93.0,3,3,3,3.0,2161.0,0,0,1,1.0,1.0,1.45
2901,0.0,105.0,2,3,2,1.0,1226.0,1,0,0,2.0,2.0,0.86
2902,0.0,99.0,2,2,2,3.0,1150.0,0,0,0,2.0,0.0,0.75
2903,0.0,98.0,4,4,3,0.0,2576.0,1,0,1,1.0,0.0,2.7
2904,0.0,19.0,5,5,3,3.0,3466.0,1,0,1,2.0,2.0,3.79
2905,0.0,81.0,4,4,3,1.0,1809.0,0,0,1,2.0,0.0,1.7
2906,0.0,100.0,3,3,3,3.0,1750.0,0,0,1,2.0,2.0,1.35
2907,1.0,30.0,9,9,3,0.0,2431.76,0,0,0,1.0,1.0,5.7
2908,0.0,93.0,3,4,3,3.0,2141.0,1,0,1,0.0,2.0,2.01
2909,0.0,103.0,3,3,2,3.0,2056.0,0,0,1,1.0,1.0,1.5
2910,0.0,61.0,3,3,3,0.0,2357.0,1,0,1,2.0,1.0,2.7
2911,0.0,61.0,3,3,3,0.0,2600.0,1,0,0,0.0,2.0,2.92
2912,0.0,105.0,2,2,2,1.0,1371.0,0,0,1,1.0,1.0,0.97
2913,0.0,4.0,3,3,3,3.0,1489.0,0,0,0,1.0,1.0,1.28
2914,1.0,61.0,4,4,2,2.0,3400.0,1,0,1,2.0,1.0,7.0
2915,0.0,16.0,3,3,2,0.0,2576.0,1,0,0,2.0,2.0,2.2
2916,1.0,61.0,3,3,2,2.0,3195.72,1,0,0,2.0,1.0,8.45
2917,0.0,112.0,2,1,2,1.0,652.0,0,0,1,1.0,2.0,0.5
2918,0.0,111.0,2,2,2,1.0,670.0,0,0,0,2.0,0.0,0.41
2919,0.0,109.0,4,3,2,1.0,1778.0,0,0,1,1.0,0.0,1.1
2920,0.0,83.0,2,2,1,3.0,1000.0,0,0,1,1.0,2.0,0.45
2921,0.0,54.0,3,3,2,1.0,195.0,0,0,1,1.0,1.0,2.5
2922,0.0,73.0,2,2,1,4.0,1041.0,0,0,1,1.0,1.0,1.55
2923,0.0,48.0,3,3,2,3.0,1699.0,0,0,1,2.0,0.0,1.65
2924,0.0,107.0,4,4,3,3.0,2020.0,0,0,0,2.0,2.0,1.76
2925,0.0,101.0,2,2,3,3.0,1300.0,0,0,0,0.0,2.0,1.2
2926,0.0,9.0,3,4,3,3.0,2000.0,1,0,1,2.0,0.0,2.22
2927,1.0,79.0,4,4,0,0.0,2800.0,0,0,1,1.0,1.0,3.0
2928,0.0,99.0,3,4,0,3.0,1900.0,0,0,1,2.0,2.0,1.8
2929,0.0,14.0,2,2,3,1.0,1236.0,0,0,1,2.0,0.0,0.9
2930,0.0,47.0,3,3,3,3.0,1738.0,0,0,0,2.0,2.0,1.05
2931,0.0,19.0,3,3,3,3.0,1850.0,1,0,0,2.0,2.0,1.8
2932,0.0,9.0,3,4,3,3.0,1315.0,1,0,0,0.0,2.0,1.55
2933,0.0,10.0,3,4,3,1.0,1734.0,1,0,1,1.0,2.0,1.12
2934,1.0,77.0,4,4,3,3.0,3593.84,1,0,1,2.0,1.0,12.5
2935,0.0,100.0,3,3,3,3.0,1525.0,0,0,1,0.0,0.0,0.9
2936,0.0,101.0,3,3,2,0.0,1350.0,0,0,1,1.0,2.0,0.72
2937,0.0,61.0,3,4,3,0.0,2470.0,1,0,0,0.0,2.0,2.65
2938,1.0,36.0,9,9,3,3.0,3045.08,1,1,2,2.0,2.0,8.0
2939,1.0,59.0,3,3,3,0.0,1527.92,0,0,1,2.0,1.0,2.8
2940,0.0,78.0,2,2,2,3.0,1072.0,0,0,1,2.0,2.0,1.7
2941,0.0,79.0,4,4,3,0.0,2127.0,1,0,0,2.0,2.0,2.85
2942,0.0,47.0,3,3,3,3.0,1789.0,1,0,1,1.0,1.0,1.44
2943,0.0,115.0,3,2,3,1.0,1201.0,0,0,1,2.0,2.0,0.75
2944,0.0,96.0,4,5,3,3.0,3801.0,1,0,0,2.0,0.0,4.0
2945,0.0,99.0,2,2,3,3.0,1630.0,0,0,1,1.0,2.0,1.19
2946,1.0,16.0,4,5,3,1.0,2431.76,1,1,1,2.0,1.0,6.44
2947,0.0,9.0,3,3,3,1.0,1616.0,0,0,0,0.0,2.0,1.95
2948,0.0,10.0,3,3,3,3.0,1683.0,0,0,1,1.0,0.0,1.65
2949,0.0,80.0,2,2,1,3.0,657.0,0,0,0,1.0,2.0,0.53
2950,0.0,5.0,4,3,3,1.0,3111.0,1,0,1,1.0,2.0,1.65
2951,0.0,85.0,3,4,3,3.0,2127.0,1,0,1,0.0,2.0,2.52
2952,0.0,9.0,3,4,3,3.0,1748.0,1,0,1,2.0,0.0,1.75
2953,0.0,84.0,3,2,2,0.0,1078.0,0,0,1,2.0,1.0,1.0
2954,0.0,37.0,3,3,2,2.0,1700.0,1,0,1,0.0,0.0,2.26
2955,0.0,100.0,2,2,1,3.0,531.0,0,1,2,2.0,2.0,0.36
2956,1.0,18.0,10,1,0,1.0,2250.0,0,0,1,1.0,1.0,3.5
2957,1.0,0.0,4,4,0,3.0,891.0,0,0,1,1.0,1.0,0.82
2958,0.0,115.0,2,2,2,3.0,694.0,0,0,1,2.0,0.0,0.35
2959,0.0,48.0,2,2,3,1.0,543.0,0,0,1,2.0,1.0,0.55
2960,0.0,105.0,2,2,2,1.0,1226.0,0,0,1,1.0,2.0,1.01
2961,0.0,100.0,2,2,2,3.0,537.0,0,0,1,1.0,2.0,0.35
2962,0.0,96.0,2,2,1,3.0,613.0,0,0,0,2.0,2.0,0.48
2963,0.0,30.0,1,1,1,0.0,450.0,0,0,0,1.0,2.0,0.4
2964,1.0,16.0,5,5,3,1.0,3593.84,1,1,0,0.0,1.0,8.75
2965,0.0,9.0,3,3,3,3.0,1315.0,1,0,0,2.0,2.0,1.38
2966,0.0,100.0,3,3,3,3.0,1610.0,0,0,1,2.0,2.0,1.05
2967,1.0,30.0,1,1,0,2.0,900.0,0,0,1,1.0,1.0,0.7
2968,0.0,48.0,4,4,3,1.0,2211.0,1,0,1,2.0,1.0,2.08
2969,0.0,96.0,2,2,2,3.0,1131.0,0,0,1,1.0,2.0,1.0
2970,1.0,32.0,9,9,3,0.0,4200.0,1,0,0,1.0,1.0,5.5
2971,0.0,99.0,3,3,3,3.0,1600.0,1,0,0,0.0,2.0,1.73
2972,0.0,113.0,2,1,0,1.0,500.0,0,0,1,1.0,0.0,0.3
2973,0.0,101.0,4,5,3,3.0,2366.0,1,0,1,0.0,2.0,2.15
2974,0.0,101.0,2,2,3,3.0,1484.0,0,0,1,1.0,0.0,1.05
2975,0.0,85.0,2,2,2,3.0,1312.0,0,0,1,1.0,2.0,1.1
2976,0.0,30.0,1,1,1,0.0,665.0,0,0,0,2.0,2.0,0.6
2977,1.0,16.0,4,4,3,3.0,5401.52,1,0,1,2.0,1.0,6.25
2978,0.0,89.0,2,2,3,3.0,1300.0,0,1,1,0.0,0.0,1.5
2979,0.0,100.0,2,2,3,3.0,1026.0,0,1,1,0.0,2.0,0.73
2980,1.0,94.0,2,2,2,0.0,585.0,0,0,1,1.0,1.0,0.59
2981,0.0,101.0,2,2,3,3.0,1380.0,0,1,1,0.0,1.0,1.2
2982,0.0,22.0,3,3,3,1.0,2098.0,1,0,1,0.0,1.0,2.33
2983,0.0,16.0,4,5,3,3.0,2765.0,0,0,1,2.0,2.0,1.88
2984,0.0,4.0,3,3,3,4.0,1430.0,0,0,1,1.0,2.0,1.45
2985,0.0,38.0,2,2,2,4.0,956.0,0,0,1,2.0,0.0,1.1
2986,1.0,12.0,2,2,2,0.0,56.0,0,0,1,1.0,1.0,0.38
2987,1.0,35.0,5,7,3,3.0,4497.68,1,0,2,2.0,1.0,20.0
2988,1.0,61.0,4,4,2,0.0,4497.68,1,0,1,0.0,1.0,15.0
2989,0.0,92.0,2,2,1,0.0,1115.0,0,1,1,2.0,2.0,0.62
2990,1.0,53.0,7,7,3,0.0,2474.8,1,1,2,0.0,1.0,7.0
2991,0.0,19.0,4,4,3,3.0,2350.0,1,0,1,0.0,1.0,2.25
2992,0.0,93.0,3,4,3,3.0,2031.0,1,0,1,0.0,2.0,1.91
2993,0.0,100.0,4,4,3,3.0,1896.0,1,0,1,2.0,0.0,1.02
2994,0.0,99.0,2,2,2,3.0,990.0,0,0,0,0.0,1.0,0.6
2995,1.0,23.0,5,5,2,2.0,150.0,0,0,1,1.0,1.0,1.5
2996,0.0,4.0,3,3,3,2.0,1778.0,0,0,1,1.0,0.0,0.95
2997,0.0,72.0,4,5,3,3.0,2604.0,1,0,0,1.0,0.0,3.6
2998,0.0,100.0,2,2,3,3.0,1457.0,0,0,0,2.0,1.0,1.2
2999,0.0,13.0,4,5,3,3.0,1535.0,1,0,1,1.0,2.0,1.34
3000,0.0,15.0,3,3,3,3.0,2072.0,0,0,1,2.0,0.0,3.25
3001,1.0,83.0,5,3,2,2.0,963.0,0,0,1,1.0,1.0,1.3
3002,0.0,96.0,3,3,3,3.0,1650.0,1,0,2,1.0,2.0,2.12
3003,0.0,111.0,2,2,2,1.0,809.0,0,0,1,2.0,0.0,0.46
3004,0.0,31.0,2,2,2,1.0,1285.0,1,0,1,1.0,2.0,1.99
3005,1.0,85.0,3,3,3,3.0,1611.0,0,0,0,2.0,1.0,1.04
3006,1.0,85.0,5,4,3,1.0,2700.76,0,0,1,1.0,1.0,6.0
3007,0.0,109.0,4,5,3,3.0,2453.0,1,0,0,2.0,0.0,2.0
3008,0.0,93.0,2,2,3,3.0,1012.0,0,0,1,1.0,2.0,0.96
3009,0.0,91.0,3,4,3,3.0,1833.0,1,0,0,0.0,2.0,1.09
3010,0.0,22.0,3,3,3,1.0,1806.0,0,0,1,2.0,0.0,2.0
3011,0.0,84.0,3,5,3,0.0,1527.0,1,0,1,2.0,2.0,1.67
3012,1.0,67.0,8,8,3,3.0,3238.76,1,0,2,1.0,1.0,7.5
3013,0.0,79.0,3,4,3,3.0,2225.0,1,1,0,0.0,0.0,3.5
3014,1.0,17.0,8,4,3,0.0,1839.96,0,0,0,1.0,1.0,3.6
3015,1.0,16.0,4,5,3,3.0,5401.52,1,0,1,1.0,1.0,6.8
3016,0.0,30.0,3,3,3,0.0,1611.0,0,0,1,2.0,2.0,1.4
3017,0.0,99.0,3,3,2,3.0,1778.0,1,0,0,1.0,2.0,1.19
3018,0.0,99.0,3,3,3,3.0,1600.0,0,0,0,2.0,2.0,1.1
3019,0.0,115.0,2,2,3,1.0,1344.0,0,0,1,2.0,0.0,0.74
3020,0.0,43.0,2,2,2,4.0,85.0,0,0,1,2.0,2.0,1.31
3021,0.0,76.0,3,3,3,3.0,2150.0,1,0,1,2.0,2.0,3.3
3022,1.0,97.0,4,3,0,3.0,3238.76,0,0,1,1.0,1.0,6.5
3023,0.0,39.0,2,2,1,3.0,750.0,0,0,1,1.0,1.0,0.3
3024,0.0,98.0,3,3,3,0.0,1677.0,0,0,1,1.0,0.0,1.85
3025,0.0,115.0,2,2,2,3.0,1319.0,0,0,0,2.0,2.0,0.78
3026,1.0,30.0,4,3,2,0.0,1560.2,0,1,0,2.0,1.0,2.68
3027,0.0,81.0,2,2,2,1.0,1361.0,1,0,1,2.0,0.0,1.0
3028,1.0,35.0,3,3,3,2.0,8812.44,0,0,1,2.0,1.0,3.25
3029,1.0,48.0,3,3,3,4.0,1570.0,0,0,1,2.0,2.0,1.27
3030,0.0,11.0,2,2,0,3.0,1259.0,0,0,1,1.0,0.0,0.9
3031,0.0,30.0,1,1,2,0.0,722.0,0,0,1,2.0,2.0,0.56
3032,1.0,32.0,3,3,2,0.0,2000.0,0,1,1,1.0,1.0,2.4
3033,0.0,91.0,2,2,2,3.0,1140.0,0,1,0,2.0,2.0,0.75
3034,0.0,102.0,3,3,1,3.0,1719.0,0,0,1,1.0,0.0,1.5
3035,1.0,83.0,2,2,1,3.0,200.0,0,0,1,1.0,1.0,2.0
3036,0.0,99.0,2,2,2,0.0,1100.0,0,0,0,2.0,0.0,0.85
3037,0.0,93.0,2,2,3,1.0,81.0,0,0,1,2.0,2.0,1.1
3038,0.0,104.0,2,4,3,4.0,1350.0,0,0,1,2.0,1.0,1.1
3039,0.0,74.0,2,2,3,1.0,1500.0,0,0,0,1.0,0.0,2.1
3040,1.0,10.0,4,3,3,4.0,4000.0,0,0,1,2.0,0.0,3.25
3041,0.0,115.0,2,2,3,1.0,661.0,0,0,1,1.0,0.0,0.4
3042,0.0,37.0,3,4,3,3.0,2000.0,1,0,0,0.0,0.0,6.2
3043,0.0,79.0,4,4,3,3.0,2833.0,1,0,0,0.0,0.0,4.55
3044,0.0,51.0,2,2,1,3.0,722.0,0,0,1,1.0,1.0,0.43
3045,0.0,48.0,3,3,3,3.0,1725.0,0,0,1,1.0,1.0,1.25
3046,0.0,101.0,2,2,3,3.0,1484.0,0,0,1,1.0,2.0,1.05
3047,0.0,16.0,3,4,3,3.0,1797.0,1,0,1,1.0,2.0,1.5
3048,0.0,77.0,3,3,3,1.0,1556.0,0,1,0,2.0,1.0,1.95
3049,0.0,82.0,3,3,1,3.0,1392.0,0,0,0,0.0,0.0,1.4
3050,0.0,10.0,3,3,3,3.0,1670.0,0,0,1,1.0,2.0,1.69
3051,0.0,13.0,3,4,3,3.0,1305.0,1,0,1,0.0,0.0,1.25
3052,0.0,16.0,3,4,3,3.0,1860.0,1,1,1,1.0,0.0,2.22
3053,0.0,82.0,4,4,2,3.0,1819.0,0,0,1,0.0,1.0,1.95
3054,1.0,51.0,3,3,2,3.0,76.0,0,0,1,1.0,1.0,0.67
3055,0.0,101.0,4,5,3,3.0,2545.0,0,0,0,2.0,2.0,2.1
3056,1.0,51.0,4,3,2,0.0,211.0,0,1,0,1.0,1.0,1.9
3057,1.0,83.0,5,3,0,2.0,148.0,0,0,1,1.0,1.0,2.25
3058,1.0,50.0,1,1,2,3.0,800.0,0,0,1,1.0,1.0,1.8
3059,0.0,84.0,3,3,3,1.0,1765.0,0,0,0,1.0,2.0,1.8
3060,1.0,43.0,2,2,2,1.0,1210.0,0,0,2,2.0,2.0,1.35
3061,0.0,70.0,3,4,3,4.0,2077.0,0,0,1,1.0,1.0,4.25
3062,0.0,106.0,4,3,2,0.0,2000.0,0,0,0,1.0,2.0,1.2
3063,1.0,85.0,4,4,3,3.0,6000.0,1,1,0,0.0,1.0,5.35
3064,0.0,85.0,3,3,3,1.0,1900.0,1,0,1,2.0,2.0,1.68
3065,0.0,87.0,4,5,3,3.0,2625.0,1,0,1,1.0,0.0,3.5
3066,1.0,50.0,5,5,3,0.0,4497.68,1,0,0,1.0,2.0,15.0
3067,0.0,82.0,4,4,1,3.0,1783.0,0,0,1,2.0,0.0,1.7
3068,0.0,93.0,3,3,3,3.0,1265.0,0,0,0,2.0,0.0,1.28
3069,0.0,102.0,3,3,1,3.0,1900.0,0,0,0,0.0,0.0,1.55
3070,0.0,14.0,2,2,3,3.0,1236.0,0,0,1,2.0,1.0,0.88
3071,0.0,80.0,3,4,3,1.0,1941.0,0,1,0,0.0,2.0,1.85
3072,0.0,19.0,2,1,1,3.0,1000.0,0,0,1,1.0,1.0,0.28
3073,0.0,48.0,2,2,2,3.0,860.0,0,0,1,1.0,1.0,0.8
3074,0.0,9.0,2,2,2,1.0,1145.0,0,0,1,0.0,0.0,1.99
3075,0.0,19.0,4,4,3,0.0,3077.0,1,0,0,2.0,2.0,3.45
3076,0.0,30.0,3,4,3,0.0,1738.0,1,0,1,2.0,2.0,1.51
3077,1.0,58.0,4,5,2,0.0,3217.24,1,1,0,2.0,1.0,7.35
3078,0.0,14.0,2,2,2,3.0,543.0,0,0,1,1.0,1.0,0.29
3079,0.0,59.0,5,4,3,3.0,3219.0,1,0,1,1.0,0.0,4.16
3080,0.0,14.0,2,2,1,3.0,494.0,0,0,1,2.0,0.0,0.5
3081,0.0,15.0,2,2,3,3.0,1548.0,0,0,1,1.0,1.0,0.7
3082,1.0,82.0,4,3,2,1.0,1796.92,0,0,2,2.0,1.0,2.95
3083,1.0,114.0,9,9,3,3.0,3152.68,0,0,0,1.0,1.0,4.5
3084,0.0,45.0,1,1,1,3.0,407.0,0,0,1,2.0,2.0,0.36
3085,0.0,81.0,3,2,3,1.0,1365.0,0,0,1,1.0,2.0,1.45
3086,1.0,35.0,3,3,3,0.0,2431.76,0,0,1,1.0,1.0,6.75
3087,0.0,31.0,2,2,2,3.0,1200.0,0,0,2,2.0,2.0,1.65
3088,0.0,115.0,2,2,3,3.0,1404.0,0,0,1,0.0,2.0,0.72
3089,0.0,9.0,2,2,2,3.0,1100.0,0,0,1,2.0,1.0,1.25
3090,0.0,30.0,2,2,3,0.0,1281.0,0,0,1,2.0,1.0,1.01
3091,0.0,73.0,3,3,2,1.0,1721.0,0,0,1,2.0,1.0,2.0
3092,0.0,55.0,3,3,2,1.0,195.0,1,0,0,1.0,1.0,2.4
3093,0.0,115.0,2,2,2,1.0,591.0,0,0,1,1.0,2.0,0.5
3094,0.0,115.0,2,2,2,3.0,900.0,0,0,1,1.0,1.0,0.4
3095,0.0,89.0,2,2,3,3.0,1200.0,0,0,1,2.0,0.0,1.54
3096,0.0,111.0,2,2,2,1.0,670.0,0,0,0,2.0,0.0,0.41
3097,1.0,61.0,4,4,3,3.0,4228.68,1,0,2,0.0,1.0,12.5
3098,0.0,102.0,2,2,1,3.0,646.0,0,0,1,2.0,2.0,0.45
3099,1.0,33.0,8,10,3,2.0,3873.6,0,0,1,1.0,1.0,10.0
3100,1.0,85.0,3,3,3,3.0,1611.0,0,0,0,0.0,1.0,1.18
3101,0.0,105.0,2,3,3,4.0,998.0,0,0,1,1.0,2.0,0.86
3102,1.0,51.0,2,2,1,0.0,67.0,0,0,1,1.0,1.0,0.58
3103,0.0,67.0,1,1,2,2.0,667.0,0,0,1,1.0,1.0,0.5
3104,0.0,14.0,3,3,3,0.0,1713.0,0,0,0,2.0,2.0,1.21
3105,1.0,18.0,5,4,1,0.0,2022.88,0,0,1,1.0,1.0,4.0
3106,0.0,30.0,3,4,3,0.0,1738.0,1,0,1,2.0,2.0,1.5
3107,0.0,82.0,3,3,2,3.0,1455.0,0,0,1,2.0,1.0,1.43
3108,0.0,63.0,1,1,0,0.0,513.0,0,0,0,1.0,1.0,0.45
3109,0.0,118.0,4,4,3,0.0,1850.0,0,0,1,2.0,2.0,1.5
3110,0.0,102.0,3,2,1,1.0,1529.0,0,0,1,1.0,0.0,1.25
3111,0.0,67.0,3,3,3,2.0,1800.0,1,0,1,0.0,2.0,1.55
3112,0.0,115.0,2,2,2,3.0,602.0,0,0,1,1.0,1.0,0.38
3113,0.0,115.0,2,2,2,3.0,750.0,0,0,1,1.0,2.0,0.38
3114,0.0,101.0,3,3,3,4.0,141.0,0,0,1,1.0,0.0,1.8
3115,0.0,70.0,3,3,3,4.0,2550.0,0,0,1,1.0,1.0,3.78
3116,0.0,90.0,2,2,2,4.0,665.0,0,0,1,2.0,0.0,0.75
3117,1.0,31.0,6,6,3,2.0,2367.2,0,1,0,2.0,1.0,4.7
3118,0.0,11.0,2,2,2,3.0,1403.0,0,0,1,2.0,2.0,1.32
3119,0.0,82.0,3,3,2,3.0,1428.0,0,0,1,1.0,1.0,1.6
3120,1.0,25.0,6,6,3,2.0,3152.68,0,0,1,1.0,1.0,6.4
3121,1.0,38.0,3,3,0,2.0,112.0,0,0,1,1.0,1.0,0.9
3122,0.0,107.0,3,3,3,3.0,1645.0,0,0,0,2.0,0.0,1.15
3123,0.0,87.0,4,4,3,3.0,3846.0,1,0,1,2.0,1.0,6.5
3124,0.0,25.0,4,5,3,2.0,2200.0,1,0,2,2.0,2.0,2.75
3125,0.0,48.0,3,3,3,3.0,1600.0,0,0,1,2.0,1.0,1.35
3126,0.0,105.0,2,2,1,3.0,672.0,0,0,2,2.0,2.0,0.5
3127,0.0,102.0,3,3,1,3.0,1746.0,0,0,1,2.0,0.0,1.6
3128,1.0,51.0,1,1,1,0.0,432.0,0,0,1,1.0,1.0,0.4
3129,0.0,30.0,2,2,3,2.0,1573.0,0,0,0,2.0,2.0,0.95
3130,1.0,35.0,4,4,3,2.0,2700.76,1,1,1,2.0,1.0,8.9
3131,0.0,78.0,3,3,2,1.0,1950.0,1,0,2,2.0,0.0,2.8
3132,0.0,73.0,3,3,2,1.0,1475.0,0,0,1,2.0,1.0,2.3
3133,0.0,86.0,2,2,1,3.0,590.0,0,0,0,1.0,2.0,0.65
3134,0.0,67.0,3,3,3,0.0,1900.0,1,0,0,2.0,2.0,1.55
3135,0.0,22.0,3,4,3,3.0,2150.0,1,0,1,0.0,1.0,3.05
3136,0.0,9.0,3,4,3,3.0,1750.0,1,0,0,0.0,2.0,1.7
3137,0.0,113.0,3,5,3,1.0,1807.0,1,0,1,2.0,2.0,1.35
3138,0.0,99.0,2,2,2,3.0,1154.0,0,0,1,0.0,0.0,0.83
3139,0.0,102.0,3,3,3,4.0,1715.0,1,0,1,1.0,2.0,1.05
3140,0.0,14.0,2,2,3,3.0,1204.0,0,0,0,0.0,2.0,0.8
3141,0.0,96.0,4,4,3,1.0,2599.0,1,0,2,0.0,2.0,3.46
3142,0.0,11.0,4,4,3,3.0,2800.0,1,1,0,0.0,0.0,2.52
3143,0.0,69.0,2,2,1,3.0,1432.0,0,0,0,2.0,2.0,2.2
3144,0.0,77.0,3,3,3,3.0,1524.0,1,0,0,2.0,1.0,2.36
3145,1.0,65.0,4,4,0,0.0,2421.0,0,0,1,1.0,1.0,5.7
3146,0.0,108.0,4,4,3,3.0,2139.0,1,0,1,2.0,2.0,1.75
3147,1.0,56.0,6,6,3,0.0,1839.96,0,1,0,2.0,1.0,4.5
3148,0.0,115.0,2,2,2,4.0,833.0,0,0,1,2.0,2.0,0.54
3149,0.0,9.0,3,3,3,3.0,1493.0,1,0,0,2.0,2.0,1.4
3150,1.0,18.0,6,4,2,0.0,2700.0,0,0,1,1.0,1.0,3.08
3151,1.0,96.0,4,4,3,3.0,5480.0,1,1,1,2.0,1.0,4.35
3152,0.0,39.0,2,2,1,3.0,778.0,0,0,0,2.0,2.0,0.55
3153,1.0,32.0,3,2,2,1.0,1500.0,0,0,0,2.0,1.0,1.2
3154,1.0,16.0,3,4,0,3.0,2150.0,0,0,1,1.0,0.0,1.87
3155,0.0,16.0,3,2,2,3.0,1213.0,0,0,0,1.0,1.0,0.79
3156,0.0,99.0,3,3,2,3.0,1350.0,1,1,0,0.0,1.0,1.15
3157,1.0,61.0,9,9,3,3.0,2162.76,1,0,2,2.0,1.0,5.88
3158,0.0,77.0,3,3,3,3.0,1081.0,0,0,0,2.0,2.0,1.7
3159,0.0,109.0,4,5,3,3.0,1805.0,1,0,1,1.0,1.0,0.9
3160,0.0,9.0,2,2,3,3.0,1073.0,0,0,1,1.0,1.0,1.2
3161,1.0,60.0,5,5,3,2.0,3400.0,0,0,1,1.0,1.0,3.75
3162,0.0,102.0,3,3,3,3.0,1900.0,0,0,1,1.0,2.0,1.55
3163,0.0,54.0,4,4,3,0.0,3115.0,0,0,0,2.0,0.0,3.25
3164,0.0,59.0,3,4,3,0.0,2159.0,0,0,1,1.0,2.0,2.7
3165,0.0,65.0,3,4,3,3.0,1875.0,1,0,0,1.0,2.0,4.86
3166,0.0,22.0,3,4,3,1.0,2200.0,1,0,1,0.0,0.0,3.35
3167,0.0,115.0,2,2,1,1.0,590.0,0,0,1,1.0,2.0,0.45
3168,0.0,105.0,2,2,2,1.0,1105.0,0,0,1,1.0,1.0,0.9
3169,1.0,49.0,3,3,2,3.0,1441.84,0,0,1,1.0,1.0,3.5
3170,0.0,25.0,3,4,3,2.0,1956.0,0,0,1,1.0,1.0,2.2
3171,0.0,15.0,4,5,3,3.0,2779.0,1,0,1,2.0,2.0,2.29
3172,0.0,72.0,3,4,3,3.0,2045.0,1,0,0,0.0,2.0,2.85
3173,0.0,15.0,3,3,3,3.0,1338.29,1,0,0,2.0,2.0,1.68
3174,0.0,86.0,4,4,3,0.0,2127.0,1,0,1,1.0,2.0,1.35
3175,0.0,97.0,2,2,3,0.0,1150.0,0,0,1,2.0,1.0,0.67
3176,1.0,51.0,3,3,2,2.0,2248.84,0,0,1,1.0,1.0,3.3
3177,0.0,13.0,4,3,3,2.0,1678.0,1,0,1,2.0,0.0,1.35
3178,0.0,58.0,3,4,2,3.0,1526.0,0,0,1,2.0,2.0,1.78
3179,0.0,45.0,3,4,3,1.0,2820.0,0,0,2,1.0,0.0,4.1
3180,1.0,68.0,3,3,2,2.0,2162.76,1,0,1,1.0,1.0,4.7
3181,0.0,78.0,2,3,3,3.0,1330.0,1,0,0,2.0,1.0,1.5
3182,0.0,47.0,3,3,2,1.0,1593.0,0,0,1,1.0,1.0,0.86
3183,0.0,9.0,3,3,3,3.0,1653.0,0,0,1,0.0,0.0,2.5
3184,0.0,48.0,3,3,3,3.0,1686.0,0,0,1,1.0,0.0,1.5
3185,0.0,115.0,2,2,1,1.0,522.0,0,0,1,1.0,1.0,0.36
3186,0.0,15.0,2,3,3,3.0,978.23,0,0,1,2.0,2.0,0.98
3187,0.0,109.0,4,3,2,1.0,1983.0,0,0,1,1.0,0.0,0.95
3188,1.0,35.0,5,4,3,0.0,4519.2,1,1,0,2.0,2.0,18.0
3189,0.0,43.0,2,2,3,0.0,1100.0,0,0,0,1.0,2.0,1.1
3190,0.0,47.0,3,4,3,1.0,2134.0,1,0,1,2.0,0.0,1.5
3191,1.0,54.0,5,5,2,2.0,3766.0,1,0,1,1.0,1.0,9.85
3192,0.0,99.0,3,3,3,3.0,1582.0,1,0,2,2.0,0.0,1.4
3193,0.0,115.0,2,2,2,3.0,534.0,0,0,1,2.0,2.0,0.29
3194,1.0,102.0,4,4,3,0.0,2800.0,1,0,0,2.0,1.0,2.47
3195,1.0,17.0,4,3,2,0.0,2367.0,0,0,1,1.0,1.0,4.25
3196,0.0,100.0,2,2,3,3.0,1222.0,0,0,1,2.0,2.0,0.69
3197,0.0,15.0,3,3,3,3.0,1711.0,0,1,0,0.0,0.0,2.33
3198,0.0,11.0,3,3,3,3.0,1490.0,0,0,1,2.0,0.0,0.98
3199,0.0,96.0,2,2,2,3.0,1194.0,0,0,1,1.0,1.0,0.96
3200,0.0,107.0,4,4,3,3.0,2005.0,0,0,1,2.0,0.0,1.78
3201,0.0,81.0,2,2,3,3.0,982.0,0,0,2,2.0,1.0,1.2
3202,0.0,11.0,3,4,3,3.0,2131.0,1,0,0,2.0,0.0,2.45
3203,0.0,21.0,3,5,3,3.0,2536.0,1,0,0,1.0,0.0,3.75
3204,0.0,77.0,3,3,3,3.0,1828.0,0,0,1,2.0,0.0,2.85
3205,0.0,47.0,3,3,0,1.0,1820.0,0,0,1,2.0,1.0,1.35
3206,0.0,54.0,4,5,3,0.0,5000.0,1,0,2,2.0,2.0,8.44
3207,0.0,43.0,2,2,3,4.0,1448.0,0,0,1,2.0,0.0,1.4
3208,0.0,61.0,3,3,3,0.0,1950.0,0,0,0,0.0,2.0,2.35
3209,1.0,58.0,3,4,3,3.0,2593.16,1,1,0,2.0,1.0,6.4
3210,0.0,10.0,4,6,3,3.0,2456.0,1,0,1,0.0,0.0,2.4
3211,0.0,115.0,2,2,2,3.0,1043.0,0,0,1,2.0,1.0,0.65
3212,0.0,47.0,3,3,3,3.0,1563.0,0,0,1,1.0,1.0,1.25
3213,0.0,96.0,3,3,3,3.0,1570.0,1,0,2,1.0,2.0,2.2
3214,0.0,84.0,4,5,3,3.0,2172.0,1,0,0,1.0,1.0,2.0
3215,0.0,14.0,2,2,3,3.0,1236.0,0,0,0,1.0,2.0,0.9
3216,0.0,96.0,3,3,2,3.0,2130.0,1,0,2,2.0,2.0,2.5
3217,0.0,109.0,3,3,0,3.0,1572.0,0,0,1,1.0,2.0,0.7
3218,0.0,84.0,2,2,3,3.0,1222.0,0,0,1,2.0,2.0,1.07
3219,1.0,32.0,4,4,2,2.0,3077.36,0,0,1,1.0,1.0,5.0
3220,0.0,113.0,2,2,1,3.0,611.0,0,0,1,2.0,2.0,0.26
3221,1.0,61.0,5,7,2,0.0,7000.0,1,0,2,1.0,2.0,10.0
3222,1.0,33.0,8,5,3,2.0,540.0,0,0,1,1.0,2.0,1.6
3223,0.0,80.0,2,2,2,3.0,1149.0,0,0,1,2.0,2.0,1.4
3224,0.0,22.0,3,3,3,3.0,2460.0,1,0,1,0.0,1.0,3.0
3225,0.0,100.0,3,3,3,1.0,1849.0,1,0,1,2.0,1.0,1.5
3226,0.0,105.0,3,3,3,1.0,1064.0,0,1,1,2.0,1.0,1.2
3227,1.0,54.0,5,4,3,0.0,1936.8,1,0,0,2.0,1.0,6.5
3228,0.0,78.0,3,3,3,3.0,2000.0,1,0,0,1.0,2.0,2.99
3229,1.0,34.0,5,6,3,2.0,3615.36,0,0,0,2.0,2.0,13.5
3230,0.0,111.0,2,2,2,1.0,717.0,0,0,1,2.0,2.0,0.36
3231,0.0,115.0,2,2,3,1.0,1129.0,0,0,0,2.0,2.0,0.95
3232,1.0,16.0,4,4,3,3.0,2431.76,1,1,1,0.0,1.0,6.0
3233,1.0,56.0,3,3,2,2.0,101.0,0,1,0,2.0,1.0,2.2
3234,0.0,96.0,3,4,3,3.0,2513.0,1,0,0,2.0,2.0,2.35
3235,1.0,34.0,5,6,3,2.0,2700.76,1,1,0,2.0,1.0,10.0
3236,1.0,23.0,3,3,1,0.0,1872.24,0,0,1,1.0,2.0,3.71
3237,0.0,85.0,2,2,3,3.0,1449.0,0,0,0,2.0,0.0,1.27
3238,1.0,18.0,8,5,2,0.0,2476.0,0,0,1,1.0,1.0,1.8
3239,0.0,48.0,4,4,3,3.0,2100.0,0,0,0,2.0,2.0,1.75
3240,0.0,79.0,3,3,3,3.0,2047.0,0,0,0,1.0,1.0,2.98
3241,0.0,96.0,4,5,2,3.0,2882.0,1,0,0,2.0,2.0,3.0
3242,0.0,11.0,3,3,3,1.0,1490.0,0,0,1,2.0,2.0,1.3
3243,0.0,78.0,4,4,3,3.0,2210.0,1,0,0,0.0,1.0,3.4
3244,0.0,77.0,3,3,3,3.0,1650.0,0,0,1,1.0,1.0,2.6
3245,1.0,64.0,5,5,2,3.0,2248.84,0,0,1,1.0,1.0,4.0
3246,1.0,58.0,4,4,3,0.0,2700.76,1,0,1,2.0,1.0,6.0
3247,0.0,107.0,2,2,3,3.0,1222.0,0,0,1,2.0,1.0,0.65
3248,0.0,9.0,4,5,3,3.0,2894.0,1,0,1,2.0,2.0,2.5
3249,0.0,109.0,3,3,3,3.0,1221.18,0,0,1,2.0,0.0,0.82
3250,0.0,51.0,2,2,1,3.0,1000.0,0,0,0,2.0,1.0,0.46
3251,0.0,99.0,3,3,3,3.0,1600.0,1,0,0,0.0,2.0,1.75
3252,0.0,93.0,3,4,3,3.0,2047.0,1,0,1,0.0,2.0,1.93
3253,0.0,113.0,2,2,3,1.0,1368.0,0,0,1,2.0,2.0,1.1
3254,0.0,9.0,3,3,3,1.0,1700.0,0,0,1,0.0,0.0,1.9
3255,1.0,116.0,3,3,0,0.0,8995.36,0,0,1,1.0,1.0,6.25
3256,0.0,116.0,3,3,0,1.0,1051.0,0,0,1,2.0,1.0,1.65
3257,1.0,99.0,3,3,3,1.0,240.0,1,0,1,1.0,2.0,1.7
3258,0.0,84.0,4,4,3,0.0,2667.0,1,0,0,2.0,2.0,2.35
3259,0.0,14.0,3,4,3,3.0,2137.0,1,1,0,0.0,2.0,1.49
3260,1.0,78.0,5,6,3,3.0,6667.0,1,1,0,2.0,1.0,19.0
3261,1.0,50.0,5,5,0,3.0,3658.4,0,0,1,1.0,1.0,5.15
3262,0.0,100.0,2,2,2,3.0,1018.0,0,0,1,2.0,0.0,0.49
3263,1.0,30.0,6,4,3,2.0,1560.2,0,0,0,1.0,1.0,3.0
3264,0.0,101.0,2,2,3,3.0,1670.0,0,0,1,1.0,0.0,1.19
3265,0.0,102.0,2,2,1,1.0,1360.0,0,0,1,2.0,1.0,0.64
3266,0.0,101.0,3,3,3,3.0,1587.0,0,0,1,1.0,2.0,0.93
3267,0.0,16.0,3,4,3,3.0,1946.0,1,0,1,2.0,1.0,1.75
3268,0.0,99.0,3,4,3,3.0,1551.0,1,1,0,0.0,2.0,1.8
3269,0.0,103.0,3,2,2,3.0,663.0,0,0,1,1.0,1.0,0.5
3270,0.0,16.0,3,4,3,3.0,1860.0,1,0,1,0.0,2.0,2.2
3271,0.0,82.0,3,3,2,3.0,1325.0,0,0,2,0.0,1.0,1.51
3272,0.0,100.0,2,2,3,3.0,1394.0,0,0,1,1.0,0.0,1.15
3273,0.0,96.0,3,3,3,3.0,1750.0,1,0,2,1.0,0.0,2.28
3274,0.0,48.0,3,3,3,3.0,1535.0,0,0,1,1.0,1.0,1.36
3275,0.0,77.0,3,3,2,3.0,1650.0,1,0,1,2.0,1.0,2.8
3276,0.0,47.0,3,4,3,3.0,1660.0,1,0,1,1.0,2.0,0.98
3277,0.0,5.0,3,3,3,0.0,1900.0,1,0,1,2.0,1.0,0.81
3278,0.0,9.0,3,3,3,3.0,2222.0,1,1,1,2.0,0.0,1.92
3279,0.0,45.0,2,2,2,3.0,657.0,0,0,1,2.0,2.0,0.65
3280,0.0,87.0,3,3,3,0.0,1787.0,1,0,0,1.0,2.0,1.9
3281,1.0,35.0,4,5,2,0.0,3238.76,1,0,0,2.0,1.0,12.5
3282,0.0,59.0,4,5,3,0.0,3356.0,1,0,2,1.0,2.0,3.6
3283,0.0,113.0,3,5,3,3.0,1790.0,1,0,1,1.0,2.0,1.13
3284,0.0,109.0,3,3,2,3.0,1442.0,0,0,1,2.0,0.0,0.68
3285,0.0,86.0,2,2,2,3.0,1084.0,0,0,1,1.0,2.0,0.79
3286,0.0,109.0,4,4,3,3.0,1734.0,0,0,1,2.0,1.0,0.75
3287,0.0,54.0,4,4,3,3.0,2398.0,0,0,0,2.0,1.0,2.5
3288,0.0,89.0,3,3,2,3.0,1938.0,1,0,0,0.0,2.0,2.25
3289,0.0,96.0,3,3,3,3.0,1881.0,1,0,2,2.0,1.0,2.21
3290,1.0,28.0,2,2,1,2.0,105.0,0,0,1,1.0,1.0,1.52
3291,0.0,96.0,2,2,2,3.0,664.0,0,1,0,1.0,2.0,0.45
3292,0.0,95.0,3,4,2,0.0,1854.0,0,1,1,2.0,2.0,1.4
3293,0.0,79.0,1,1,1,3.0,826.0,0,0,1,1.0,0.0,0.95
3294,0.0,111.0,2,2,2,3.0,744.0,0,0,1,1.0,2.0,0.48
3295,1.0,34.0,5,5,2,0.0,3378.64,0,0,0,2.0,1.0,9.9
3296,0.0,48.0,3,3,3,3.0,2191.0,0,0,1,1.0,2.0,1.71
3297,0.0,101.0,4,4,3,3.0,2500.0,1,0,0,1.0,2.0,2.05
3298,0.0,58.0,3,5,3,0.0,3200.0,1,0,0,1.0,2.0,6.25
3299,1.0,16.0,5,6,2,3.0,5401.52,1,0,1,0.0,1.0,7.0
3300,0.0,77.0,3,3,3,3.0,1829.0,0,0,1,2.0,0.0,2.78
3301,0.0,4.0,4,5,3,1.0,5249.0,1,0,1,1.0,1.0,5.25
3302,0.0,11.0,2,2,2,4.0,1403.0,0,0,1,1.0,2.0,1.5
3303,0.0,82.0,4,5,3,3.0,2200.0,1,0,1,0.0,2.0,1.8
3304,0.0,109.0,3,2,2,3.0,1556.0,0,0,1,1.0,0.0,0.75
3305,0.0,79.0,3,4,3,1.0,2016.0,1,0,0,0.0,2.0,3.32
3306,1.0,21.0,4,4,3,3.0,6350.0,1,0,0,2.0,1.0,7.46
3307,0.0,85.0,3,3,3,3.0,2150.0,0,0,1,1.0,0.0,2.75
3308,0.0,11.0,2,3,3,1.0,1538.0,1,0,1,1.0,0.0,1.8
3309,0.0,59.0,3,3,3,0.0,1604.25,0,0,0,2.0,2.0,2.1
3310,0.0,59.0,4,4,3,0.0,2200.0,1,0,0,2.0,2.0,3.0
3311,0.0,11.0,3,2,3,3.0,1303.0,0,1,0,1.0,0.0,1.3
3312,0.0,103.0,2,2,1,1.0,694.0,0,0,1,1.0,1.0,0.45
3313,0.0,15.0,3,3,3,3.0,1460.0,0,0,1,1.0,0.0,2.45
3314,0.0,109.0,4,3,2,3.0,1719.0,0,0,1,1.0,2.0,0.8
3315,1.0,35.0,5,6,3,2.0,4519.2,1,1,0,2.0,1.0,17.0
3316,0.0,100.0,3,3,3,3.0,1652.0,0,0,1,2.0,0.0,0.9
3317,0.0,73.0,2,2,2,4.0,1333.0,0,0,1,1.0,1.0,1.5
3318,0.0,109.0,3,2,2,3.0,1131.0,0,0,1,2.0,1.0,0.51
3319,0.0,9.0,2,2,3,3.0,1368.0,0,0,1,1.0,0.0,1.42
3320,1.0,37.0,6,5,3,1.0,3238.76,1,1,1,0.0,1.0,9.54
3321,1.0,16.0,5,5,3,3.0,6230.04,1,0,1,2.0,1.0,7.0
3322,0.0,82.0,4,4,2,3.0,1743.0,0,1,1,0.0,2.0,1.9
3323,0.0,5.0,4,5,3,1.0,2135.0,1,0,1,1.0,2.0,1.5
3324,0.0,10.0,2,2,3,0.0,1288.0,0,0,1,1.0,1.0,1.2
3325,0.0,81.0,2,2,3,1.0,1244.0,0,0,1,2.0,0.0,1.1
3326,0.0,87.0,4,4,3,3.0,2509.0,1,0,1,1.0,0.0,3.9
3327,1.0,61.0,4,4,3,0.0,3238.76,1,0,1,1.0,1.0,9.8
3328,1.0,78.0,5,5,3,1.0,3238.76,1,1,0,2.0,1.0,12.0
3329,0.0,14.0,2,2,1,3.0,544.0,0,0,1,2.0,2.0,0.3
3330,0.0,103.0,3,3,3,3.0,1674.0,0,0,0,1.0,2.0,1.4
3331,0.0,9.0,3,4,3,3.0,1400.0,1,0,0,0.0,2.0,1.35
3332,0.0,22.0,3,3,3,3.0,1890.0,0,0,1,0.0,1.0,2.45
3333,0.0,30.0,3,3,3,0.0,1611.0,0,0,1,2.0,2.0,1.36
3334,0.0,87.0,4,5,3,3.0,2800.0,1,0,0,0.0,2.0,4.0
3335,0.0,101.0,3,4,3,1.0,2179.0,0,1,1,2.0,2.0,1.78
3336,0.0,31.0,2,2,2,3.0,1200.0,0,0,2,2.0,2.0,2.4
3337,0.0,87.0,3,4,3,3.0,2140.0,1,0,0,0.0,0.0,3.21
3338,0.0,43.0,3,3,3,2.0,1619.0,0,0,1,2.0,1.0,1.79
3339,1.0,83.0,4,5,0,2.0,330.0,0,0,1,1.0,1.0,1.35
3340,0.0,61.0,3,3,3,0.0,1830.0,0,0,0,0.0,0.0,1.82
3341,0.0,69.0,2,2,2,3.0,1244.0,0,0,1,1.0,2.0,2.2
3342,0.0,96.0,3,4,3,3.0,1903.0,1,0,2,0.0,0.0,2.4
3343,0.0,3.0,3,3,3,1.0,1529.0,0,0,1,1.0,1.0,1.6
3344,0.0,90.0,3,3,3,3.0,1597.0,0,0,0,2.0,2.0,1.05
3345,0.0,82.0,3,3,1,3.0,1392.0,0,0,1,2.0,0.0,1.36
3346,0.0,103.0,2,2,2,3.0,1452.0,0,0,1,2.0,2.0,0.95
3347,0.0,101.0,3,4,3,3.0,2227.0,1,0,1,0.0,2.0,1.58
3348,0.0,99.0,4,4,3,3.0,2000.0,1,0,1,2.0,2.0,1.42
3349,0.0,99.0,3,3,3,3.0,1537.0,0,1,1,2.0,2.0,1.08
3350,1.0,16.0,4,4,3,1.0,5401.52,1,0,0,1.0,1.0,5.65
3351,0.0,15.0,3,5,2,1.0,2343.0,1,0,1,2.0,0.0,3.95
3352,0.0,10.0,2,2,2,3.0,698.0,0,0,1,1.0,2.0,0.5
3353,1.0,37.0,3,2,1,3.0,1800.0,0,0,1,1.0,1.0,1.45
3354,1.0,8.0,4,3,2,0.0,1284.0,0,0,1,1.0,1.0,1.85
3355,0.0,79.0,3,3,3,3.0,2047.0,0,0,0,1.0,1.0,2.9
3356,0.0,101.0,3,4,3,3.0,1925.0,0,0,1,1.0,2.0,1.83
3357,0.0,93.0,2,2,3,3.0,1252.0,0,0,1,0.0,2.0,1.18
3358,0.0,107.0,2,2,3,3.0,1444.0,0,0,1,2.0,2.0,0.75
3359,0.0,21.0,3,3,2,3.0,2600.0,0,0,0,1.0,1.0,3.0
3360,0.0,80.0,3,3,2,4.0,1563.0,0,0,1,2.0,2.0,2.08
3361,1.0,34.0,4,4,3,0.0,1796.92,1,1,1,2.0,1.0,6.5
3362,0.0,93.0,3,4,3,1.0,1659.0,1,0,1,1.0,2.0,1.95
3363,0.0,82.0,4,4,1,3.0,1783.0,0,0,1,2.0,0.0,1.72
3364,0.0,84.0,3,2,2,3.0,1350.0,0,0,1,1.0,2.0,1.1
3365,0.0,10.0,3,3,3,4.0,1741.0,0,0,1,2.0,2.0,1.5
3366,0.0,109.0,3,3,1,1.0,711.0,0,0,2,2.0,0.0,0.5
3367,0.0,77.0,3,3,3,3.0,1833.0,1,0,0,2.0,1.0,2.0
3368,1.0,61.0,4,4,3,2.0,2162.76,1,0,1,2.0,1.0,6.8
3369,0.0,11.0,4,4,3,3.0,2851.0,1,0,1,2.0,0.0,2.6
3370,0.0,10.0,4,4,3,3.0,2602.0,1,1,1,1.0,0.0,2.45
3371,0.0,101.0,3,4,3,3.0,2026.0,0,0,1,0.0,2.0,1.84
3372,0.0,16.0,3,3,3,1.0,1466.0,0,0,1,1.0,2.0,1.75
3373,0.0,10.0,2,2,3,3.0,1250.0,0,0,0,2.0,2.0,1.15
3374,0.0,72.0,4,5,3,0.0,2791.0,1,0,0,2.0,0.0,3.8
3375,0.0,9.0,2,2,2,3.0,828.0,0,0,1,2.0,0.0,0.97
3376,1.0,34.0,9,9,3,3.0,1936.8,0,1,0,2.0,2.0,7.6
3377,0.0,38.0,2,2,3,2.0,1307.0,0,0,1,2.0,1.0,1.2
3378,0.0,73.0,2,2,2,1.0,1333.0,0,0,1,2.0,1.0,1.47
3379,1.0,116.0,2,1,2,0.0,900.0,0,0,1,1.0,1.0,0.5
3380,0.0,82.0,4,4,2,3.0,1819.0,0,0,1,2.0,1.0,2.0
3381,1.0,78.0,4,4,3,3.0,5200.0,1,1,0,2.0,1.0,9.0
3382,0.0,47.0,3,3,3,4.0,1629.0,0,0,1,2.0,1.0,1.0
3383,0.0,115.0,1,1,0,3.0,484.0,0,0,1,1.0,1.0,0.21
3384,0.0,101.0,2,2,3,3.0,1485.0,0,0,1,1.0,2.0,1.12
3385,0.0,115.0,2,2,2,1.0,521.0,0,0,1,1.0,2.0,0.27
3386,0.0,74.0,4,6,3,3.0,3867.0,1,0,0,0.0,2.0,9.2
3387,0.0,75.0,4,4,0,1.0,3950.0,0,0,1,2.0,2.0,7.8
3388,0.0,79.0,4,5,3,0.0,2385.0,1,0,0,0.0,0.0,3.32
3389,0.0,102.0,2,2,1,3.0,668.0,0,0,1,1.0,1.0,0.5
3390,0.0,96.0,3,4,3,1.0,2407.0,1,0,0,0.0,2.0,2.4
3391,0.0,30.0,1,1,1,0.0,665.0,0,0,0,2.0,2.0,0.6
3392,0.0,5.0,3,3,3,0.0,1526.0,0,0,1,1.0,1.0,0.68
3393,1.0,16.0,5,6,3,3.0,4497.68,1,1,1,2.0,1.0,12.5
3394,1.0,8.0,6,7,0,0.0,4500.0,0,0,1,1.0,2.0,4.75
3395,0.0,72.0,3,4,3,0.0,2037.0,1,0,0,0.0,2.0,2.65
3396,0.0,43.0,2,2,3,4.0,1279.0,0,0,1,1.0,1.0,1.65
3397,0.0,80.0,3,3,2,1.0,1551.0,0,1,0,0.0,1.0,1.8
3398,0.0,43.0,3,3,0,1.0,1996.0,0,0,1,2.0,1.0,1.75
3399,0.0,15.0,3,3,3,3.0,1500.0,1,0,1,0.0,1.0,1.25
3400,0.0,82.0,3,3,1,3.0,1419.0,0,0,0,2.0,0.0,1.29
3401,0.0,99.0,2,2,2,3.0,850.0,0,0,0,0.0,1.0,0.78
3402,1.0,49.0,9,9,3,3.0,4800.0,0,1,0,0.0,1.0,4.0
3403,1.0,23.0,8,8,3,3.0,4800.0,1,0,2,2.0,1.0,3.5
3404,0.0,87.0,4,4,3,0.0,2600.0,1,0,0,0.0,2.0,3.2
3405,0.0,85.0,3,3,3,3.0,1339.0,0,0,1,2.0,1.0,0.97
3406,0.0,16.0,4,1,0,1.0,3008.0,0,0,1,1.0,1.0,1.6
3407,0.0,11.0,2,2,3,3.0,1269.0,0,0,1,2.0,2.0,0.85
3408,0.0,115.0,2,2,1,3.0,509.0,0,0,0,1.0,2.0,0.27
3409,1.0,25.0,5,5,0,0.0,2500.0,0,0,1,1.0,2.0,6.5
3410,0.0,101.0,2,2,2,3.0,1075.0,0,0,1,1.0,2.0,0.69
3411,0.0,34.0,4,4,3,2.0,2744.0,1,0,1,1.0,1.0,3.4
3412,0.0,4.0,4,4,3,1.0,4842.0,1,0,0,1.0,0.0,7.5
3413,1.0,43.0,5,5,3,1.0,4766.68,1,1,0,2.0,1.0,8.5
3414,1.0,61.0,5,7,3,3.0,5850.0,1,0,0,0.0,1.0,12.25
3415,0.0,93.0,2,2,3,3.0,1494.0,0,0,1,2.0,2.0,1.45
3416,0.0,67.0,3,3,3,2.0,1900.0,1,0,1,0.0,2.0,1.45
3417,0.0,102.0,3,3,3,3.0,1715.0,1,0,0,1.0,0.0,1.3
3418,0.0,9.0,2,2,2,3.0,1230.0,0,0,1,2.0,2.0,1.35
3419,1.0,61.0,3,3,2,0.0,2162.76,1,0,0,2.0,1.0,7.5
3420,0.0,48.0,3,3,3,3.0,1561.0,0,0,1,2.0,2.0,1.1
3421,0.0,37.0,3,5,3,2.0,2590.0,0,0,1,1.0,2.0,3.0
3422,0.0,111.0,3,3,2,3.0,1800.0,0,0,1,1.0,2.0,0.72
3423,0.0,73.0,3,3,2,4.0,1630.0,0,0,1,1.0,1.0,2.57
3424,0.0,99.0,3,3,3,3.0,1500.0,1,0,0,0.0,2.0,1.76
3425,0.0,92.0,2,2,2,0.0,1224.0,0,0,1,1.0,2.0,0.7
3426,0.0,43.0,3,2,3,4.0,118.0,0,0,1,2.0,0.0,1.45
3427,1.0,87.0,4,5,3,3.0,7000.0,0,0,0,1.0,1.0,8.6
3428,0.0,93.0,3,4,3,3.0,2031.0,1,0,1,2.0,2.0,2.03
3429,1.0,35.0,4,4,3,2.0,4519.2,0,0,1,1.0,2.0,5.8
3430,0.0,99.0,5,7,3,3.0,3200.0,1,0,0,0.0,0.0,3.15
3431,0.0,31.0,3,3,3,3.0,1860.0,0,0,0,2.0,2.0,2.55
3432,0.0,77.0,3,3,3,3.0,2267.0,1,0,1,1.0,0.0,2.86
3433,0.0,96.0,2,2,2,3.0,667.0,0,0,1,1.0,2.0,0.39
3434,1.0,58.0,3,6,2,0.0,2593.16,1,0,0,2.0,1.0,5.5
3435,0.0,15.0,3,2,3,3.0,1550.0,1,0,0,0.0,0.0,1.2
3436,0.0,115.0,2,2,3,3.0,1095.0,0,0,1,2.0,2.0,0.67
3437,1.0,43.0,2,2,3,3.0,1400.0,0,0,0,2.0,1.0,1.15
3438,0.0,115.0,3,2,0,3.0,1120.0,0,0,1,2.0,1.0,0.9
3439,0.0,43.0,3,2,3,1.0,113.0,0,0,1,2.0,0.0,1.4
3440,0.0,115.0,2,2,2,1.0,658.0,0,0,1,1.0,0.0,0.35
3441,0.0,78.0,3,3,2,3.0,1950.0,1,0,1,2.0,0.0,3.0
3442,0.0,77.0,4,4,3,3.0,2194.0,1,0,2,0.0,1.0,2.79
3443,0.0,115.0,2,2,3,3.0,1131.0,0,0,1,0.0,0.0,0.72
3444,0.0,115.0,2,2,3,1.0,913.0,0,0,1,2.0,1.0,0.56
3445,0.0,22.0,3,4,3,3.0,2217.0,1,0,0,1.0,2.0,2.7
3446,0.0,101.0,4,5,3,3.0,2017.0,1,0,1,1.0,2.0,1.73
3447,1.0,87.0,5,6,3,3.0,6300.0,1,1,0,2.0,2.0,8.5
3448,0.0,101.0,2,2,3,3.0,1491.0,0,1,1,2.0,2.0,1.3
3449,0.0,21.0,3,5,2,3.0,2800.0,1,0,1,2.0,1.0,3.65
3450,0.0,91.0,3,3,3,3.0,1900.0,1,0,1,2.0,0.0,1.75
3451,0.0,14.0,3,3,3,3.0,1690.0,0,0,0,0.0,1.0,1.29
3452,0.0,91.0,4,3,3,3.0,1765.0,1,0,1,2.0,2.0,1.64
3453,0.0,81.0,2,2,2,1.0,1200.0,0,0,1,1.0,0.0,0.93
3454,0.0,3.0,3,3,2,4.0,1303.0,0,0,1,1.0,1.0,1.3
3455,0.0,101.0,2,2,3,3.0,1380.0,0,1,1,0.0,0.0,1.15
3456,0.0,84.0,3,3,3,1.0,1527.0,1,0,1,1.0,2.0,1.63
3457,0.0,85.0,3,3,3,3.0,1723.0,0,0,0,0.0,0.0,2.5
3458,0.0,100.0,3,3,3,3.0,1650.0,0,0,0,0.0,2.0,1.24
3459,0.0,82.0,4,4,2,3.0,1819.0,0,0,0,0.0,2.0,1.78
3460,0.0,105.0,3,3,2,1.0,1581.0,0,0,1,2.0,1.0,1.14
3461,0.0,102.0,2,2,3,3.0,1339.0,0,0,1,1.0,0.0,1.23
3462,0.0,59.0,3,3,1,0.0,1471.12,0,1,1,0.0,2.0,1.85
3463,0.0,22.0,3,4,3,3.0,1930.0,1,0,1,0.0,1.0,2.35
3464,0.0,48.0,3,3,3,3.0,1675.0,0,0,1,0.0,2.0,0.98
3465,0.0,9.0,2,2,2,3.0,828.0,0,0,1,2.0,2.0,0.96
3466,0.0,108.0,2,2,2,3.0,1186.0,0,0,2,2.0,0.0,0.9
3467,0.0,107.0,3,3,2,3.0,1650.0,0,0,1,1.0,0.0,1.26
3468,0.0,20.0,4,5,3,3.0,2650.0,1,0,0,0.0,0.0,3.7
3469,0.0,93.0,2,2,0,4.0,1295.0,0,0,1,1.0,2.0,0.71
3470,0.0,10.0,3,3,3,3.0,1560.0,0,0,1,2.0,0.0,1.34
3471,1.0,24.0,4,5,2,2.0,4949.599999999999,0,0,1,1.0,1.0,4.5
3472,0.0,101.0,3,4,2,3.0,1900.0,1,0,0,0.0,2.0,1.25
3473,0.0,82.0,3,3,2,3.0,1578.0,0,0,0,2.0,1.0,1.65
3474,1.0,68.0,4,4,2,2.0,1732.36,1,1,1,2.0,1.0,3.6
3475,0.0,100.0,3,3,3,1.0,1561.0,0,0,1,1.0,2.0,0.79
3476,0.0,15.0,2,3,3,3.0,1283.0,0,0,1,2.0,2.0,1.02
3477,0.0,105.0,2,2,2,1.0,998.0,0,0,1,2.0,1.0,0.9
3478,0.0,115.0,2,2,2,3.0,640.0,0,0,1,1.0,2.0,0.26
3479,0.0,20.0,4,5,3,3.0,2670.0,1,0,1,2.0,2.0,3.45
3480,0.0,109.0,3,3,0,3.0,1423.0,0,0,1,2.0,1.0,0.85
3481,0.0,85.0,4,3,3,3.0,2111.0,0,0,0,1.0,1.0,1.7
3482,0.0,13.0,3,4,3,4.0,1593.0,1,0,1,2.0,0.0,1.4
3483,0.0,47.0,3,3,3,3.0,1581.0,0,0,1,1.0,1.0,1.27
3484,0.0,82.0,4,4,2,3.0,1389.0,0,0,1,0.0,1.0,1.92
3485,1.0,83.0,10,5,3,2.0,300.0,1,0,1,1.0,1.0,2.4
3486,0.0,85.0,2,2,3,1.0,1312.0,0,0,1,2.0,2.0,1.1
3487,0.0,102.0,4,4,3,3.0,2132.0,1,0,1,2.0,0.0,1.4
3488,0.0,111.0,2,2,2,3.0,1300.0,0,0,1,2.0,2.0,0.43
3489,0.0,114.0,3,3,2,2.0,1438.0,0,0,0,1.0,1.0,0.88
3490,0.0,109.0,4,3,2,3.0,2167.0,0,0,1,1.0,1.0,1.0
3491,0.0,47.0,3,3,3,1.0,1697.0,0,0,1,2.0,1.0,0.95
3492,0.0,34.0,5,5,3,2.0,5778.0,1,0,2,1.0,1.0,8.0
3493,0.0,11.0,3,4,3,3.0,2000.0,1,0,0,2.0,2.0,1.05
3494,1.0,37.0,5,6,3,0.0,5000.0,0,0,1,1.0,2.0,8.95
3495,0.0,96.0,4,4,3,3.0,6268.0,1,0,0,2.0,0.0,4.7
3496,0.0,10.0,3,4,3,4.0,2012.0,1,0,1,2.0,0.0,1.25
3497,0.0,16.0,3,3,3,3.0,1550.0,0,0,0,1.0,2.0,1.75
